Date,GLD,QQQ,SPY,TLT
2019-01-03,0.009066170423806419,-0.03267035414552455,-0.023862933658772678,0.01137976013963704
2019-01-04,-0.00808623590052937,0.042784462707479154,0.03349573775694714,-0.011575464793127765
2019-01-07,0.003458482876331992,0.011905794578218831,0.007884549440511757,-0.0029480758927324935
2019-01-08,-0.00270804061547536,0.009045596148972379,0.009395328995765562,-0.0026281294508121444
2019-01-09,0.006418158373500793,0.008149314876086278,0.004673469291501142,-0.0015646546943181017
2019-01-10,-0.005886691481276518,0.0028602682966045734,0.003527626062116207,-0.006433646544565241
2019-01-11,0.001727170986037363,-0.0036584066806548687,0.00038642972144642407,0.003901900024289251
2019-01-14,0.002380897199235621,-0.008836881104296812,-0.006101123545924181,-0.0037207750435080955
2019-01-15,-0.0017200351443329431,0.0195266911638321,0.011461082417080659,-0.003652689559285993
2019-01-16,0.003199863787636481,-0.00018473218508063827,0.0024197454478105396,0.0009997171857933917
2019-01-17,-0.001308546962521917,0.007884117558233816,0.007586407340455015,0.00024946107107526316
2019-01-18,-0.008926410300850951,0.009900407964901659,0.013310263826671553,-0.005241429298643241
2019-01-22,0.0035531343340227117,-0.020030289432353632,-0.013510352649547808,0.0067746026663138
2019-01-23,-0.0013997379433262624,0.0012965401975817414,0.0020921121124473085,-0.00041528123856493515
2019-01-24,-0.0015666428373899421,0.006475883724643472,0.0005313740227519403,0.006565646220752175
2019-01-25,0.01461726258147622,0.011948140054520273,0.008461614183866262,-0.0047887907828061405
2019-01-28,0.0034999210730881636,-0.012352065709436255,-0.007600213349680418,-0.000995335893568594
2019-01-29,0.005596580714432919,-0.009441489961037886,-0.0013271247365975736,0.005065650204691741
2019-01-30,0.005726722578225818,0.025437560602300513,0.01583074979749699,-0.0007433808087774496
2019-01-31,0.00048117377030232333,0.014968924903522085,0.008782621683042668,0.008599710831070029
2019-02-01,-0.002004008016032066,-0.00422216412355092,0.0004815094677272924,-0.0060400523221108005
2019-02-04,-0.004337356751223598,0.012421666093078487,0.007035497200946761,-0.004464020139503089
2019-02-05,0.002581475453272253,0.008847993340909355,0.004191794331321885,0.00456761552598306
2019-02-06,-0.006758902044908588,-0.002981896230721315,-0.0013178997720391106,0.0004956458250919837
2019-02-07,0.002430293392984062,-0.013429611969181243,-0.00953290748331137,0.006610061941178413
2019-02-08,0.0037982966608789415,0.001961771718017369,0.0012213379734453689,0.0042683263601404065
2019-02-11,-0.004911042708701019,-0.0009494318957540271,0.0005546484140777075,-0.003923014167361849
2019-02-12,0.002103577179937588,0.014786455716648161,0.012859512481243396,-0.002543997550004451
2019-02-13,-0.003956062177902009,0.0007018507912912586,0.003246791230608226,-0.0037843315954798618
2019-02-14,0.005592889654295163,0.0012280549771646054,-0.002217978577817803,0.0056978639896458905
2019-02-15,0.005964900110646543,0.004205136514563224,0.010897028116584107,0.0015602693354488384
2019-02-19,0.015224309695700766,0.001977533854671254,0.0017308451537443315,0.0025417820415063463
2019-02-20,-0.0017363346220005127,-0.0001742093857671767,0.0020150935881286802,-0.0028625133192715646
2019-02-21,-0.011306137470128319,-0.003657642848057141,-0.0035556677940137282,-0.008938665904660859
2019-02-22,0.0035985360836492397,0.007400340633011204,0.0061998773514151395,0.005957993961958286
2019-02-25,-0.0010358346885893654,0.0036441027107676494,0.0013613040018902733,-0.0029613140573396812
2019-02-26,0.001675034536747555,0.0010372339543720521,-0.0007153636720838019,0.004950261104335274
2019-02-27,-0.0070871108191714605,-0.0006334537554837372,-0.00042984301295345695,-0.011329766853362733
2019-02-28,-0.005613959130088775,-0.002304158283926827,-0.0018625783942494145,-0.0034037237017452426
2019-03-01,-0.017017506627186707,0.006928808175417744,0.006243826208964354,-0.009243334594895014
2019-03-04,-0.0026255308667169075,0.00017219320719341624,-0.0036374182554115286,0.007837080043069822
2019-03-05,0.0013162525939691694,0.0007449120582296853,-0.0013603426332101654,0.0020903057577170703
2019-03-06,-0.0009037184460104486,-0.005671675134153786,-0.00605643095682773,0.0036719910232283492
2019-03-07,-0.0008222882461903502,-0.012272031614820378,-0.008365542521263647,0.006485282035994855
2019-03-08,0.010945553273622899,-0.0015169275579460795,-0.002000116479122682,0.004212334729222
2019-03-11,-0.004884390198699684,0.02079794418166392,0.014501628973004665,-0.0029608620460622737
2019-03-12,0.006053709964792153,0.005494431118347576,0.0037706696750507973,0.007012157875124769
2019-03-13,0.006992949727453013,0.007512707273484187,0.006619304663594283,-0.001884065898360543
2019-03-14,-0.011547098821608426,-0.001694188693527221,-0.0006400442920108107,-0.007223160829011199
2019-03-15,0.004574769560006908,0.009280628520457856,0.004940724770672311,0.006614171519462753
2019-03-18,0.0005692420438265788,0.002381551461870135,0.0036258255707573017,-0.0005743924099272935
2019-03-19,0.002763299214570525,0.0033623473945898485,0.00024769750492592557,-0.0022190870720650846
2019-03-20,0.006484057947534483,0.003965291604000498,-0.003009819754185905,0.010460370515813278
2019-03-21,-0.004026413261163153,0.01563177487986578,0.011295308623150646,0.002200766531603504
2019-03-22,0.002344768069306058,-0.021963863236042824,-0.01924670879961421,0.015534599416903383
2019-03-25,0.007663119616744263,-0.00190433189049255,-0.0007519573391766565,0.0016019525372334975
2019-03-26,-0.004963137418149799,0.004657311406949027,0.007453722561582943,-0.0007199576253946738
2019-03-27,-0.005229296137734152,-0.006422940263679844,-0.005228930868216741,0.009202416636085564
2019-03-28,-0.014152850613865509,0.0023045984994150004,0.00379054177845628,0.0034886184031972522
2019-03-29,0.0009023839948698598,0.007571289826433736,0.006305610807876283,-0.0009481405376182694
2019-04-01,-0.003934131206699276,0.013247108826534237,0.011859057194642864,-0.014203938145164297
2019-04-02,0.0037028271386223555,0.0037903616468049073,0.0004900418365494374,0.0018492790284005967
2019-04-03,-0.0014756542074283452,0.005746135036486688,0.0015736842930391681,-0.008667479468973172
2019-04-04,0.00254513588527594,-0.0003808812540193607,0.0026535097549122977,0.0028335717947667316
2019-04-05,-0.0010645913747292512,0.005171382418063919,0.004839889116476259,0.0012915841407044049
2019-04-08,0.004344964459018774,0.0025449605375620354,0.0007623334536213111,-0.0035474086793224613
2019-04-09,0.0052240582686200465,-0.0035109887070348123,-0.005124689527246429,0.003155383155533764
2019-04-10,0.003085645543724258,0.005366667669733705,0.003411085110444967,0.0024198303929594545
2019-04-11,-0.012790430232882732,-0.0023724056785326963,-0.0002776848365464435,-0.0058738565164797585
2019-04-12,-0.0009839698252590567,0.0043233854745559075,0.006765984541256209,-0.007122688642141273
2019-04-15,-0.0018879040751599296,0.0001616425700774471,-0.000655031775947279,0.002527364503440266
2019-04-16,-0.008963785785923273,0.0034433830038549385,0.0006554611238112074,-0.00626135343913381
2019-04-17,-0.0019085831288392363,0.003485453668801597,-0.0024467707670883243,0.00040899090443669017
2019-04-18,0.0007482870651696061,0.0012822294068057793,0.0019687418521567857,0.005235070134183006
2019-04-22,0.0,0.0028282227740248356,0.0008621646727497989,-0.004800880628603066
2019-04-23,-0.002076929420084306,0.012718485700043969,0.008991691642287858,0.002125836419141436
2019-04-24,0.0029137401441747812,-0.003152807518389311,-0.0022192509027991747,0.008158657501064814
2019-04-25,0.0008300695036758121,0.004058646248453535,-0.000616454380806819,-0.0014568381926605145
2019-04-26,0.006635175033447016,0.000892162038668598,0.004657078206467213,0.0034038383742054368
2019-04-29,-0.004449212353194509,0.00194112628164822,0.0015678132477905393,-0.006380724290809603
2019-04-30,0.0030621129817147708,-0.007747959248096015,0.0005102672945362929,0.005120959477346698
2019-05-01,-0.0066006224629272525,-0.0032183023852586645,-0.007516337264488526,0.004125550585059923
2019-05-02,-0.0038205903541769226,-0.0043401898984006815,-0.0021590665197337433,-0.004762093658049915
2019-05-03,0.005919618726200282,0.01594815099751634,0.009787795023658896,0.0028385959970282926
2019-05-06,0.001326117121353887,-0.006122127018443058,-0.004115033340502783,0.0027490797344931206
2019-05-07,0.003310996887363693,-0.01947969925771864,-0.016699928805182118,0.007661321301845714
2019-05-08,-0.0024750055657883907,-0.0025237122656236455,-0.0013890990873774989,-0.004321832194921438
2019-05-09,0.002398422606480155,-0.005383155118488414,-0.003025634974043956,0.004099143055921406
2019-05-10,0.001897717514232511,0.0012450452018490932,0.005023194776047957,-0.0013604491225687187
2019-05-13,0.010211626950944463,-0.03470271488651544,-0.025130319178095273,0.00785551911649085
2019-05-14,-0.001711902564663248,0.010975033589612826,0.00904365696321796,-0.002942583395101672
2019-05-15,-0.0005716127335255727,0.014124708870114189,0.00585793895802067,0.006142380765360889
2019-05-16,-0.007190107507202059,0.010049575687873569,0.009261355377257585,-0.003329901647359468
2019-05-17,-0.007077611679961793,-0.010219928105022258,-0.006465250092377528,0.002227100187341957
2019-05-20,-8.290208125960596e-05,-0.016881864164557503,-0.006612241939518038,-0.002063705326691312
2019-05-21,-0.002320944800343727,0.010447620547882508,0.009015631935716861,-0.0015905225134217327
2019-05-22,-0.0009970317877491253,-0.004454742563307468,-0.0030716140940273418,0.0057355156879494995
2019-05-23,0.007734533613593886,-0.015302304788212706,-0.012218660338115916,0.01124771971724492
2019-05-24,0.0010729131367257505,-0.0005048330086507846,0.002268879597219886,0.0008613201177216645
2019-05-28,-0.0038747008151563955,-0.003760805870087758,-0.009300655515720901,0.007200270535407949
2019-05-29,0.00033105118696652447,-0.008225789070610667,-0.006710775958247761,0.0030299333397005856
2019-05-30,0.0067841455794739325,0.004203872358295557,0.0027311654520660866,0.008598565565713034
2019-05-31,0.013476862164072179,-0.015952853545391887,-0.013474999814372945,0.012519503537330001
2019-06-03,0.014432812396575123,-0.022017916008142735,-0.0025433401485175366,0.006688927653898613
2019-06-04,0.0003197259638094696,0.028156816006984053,0.02170660409432923,-0.011401429652793671
2019-06-05,0.00255692921232642,0.007432177989951105,0.008661961049627243,-0.005651766692276183
2019-06-06,0.003267681746441209,0.007945240451163293,0.006503158554407973,0.0032259841806927536
2019-06-07,0.0056402851919619135,0.019311517267035727,0.01000657819103079,0.008651563573594645
2019-06-10,-0.00995334973762696,0.011655152761248955,0.004589339809512039,-0.009412006921110216
2019-06-11,-0.0011968524989021123,0.0013651060838022477,-0.00024224088687663237,0.0006127271267066803
2019-06-12,0.00519253494403471,-0.005779853093443532,-0.0017651071908191263,0.0007657836765693204
2019-06-13,0.006119340633088832,0.005923161623119899,0.0041259052983841915,0.0034437150843746878
2019-06-14,-0.00031596300165459557,-0.004252533856504481,-0.0011048534028429424,0.0025161043797023996
2019-06-17,-0.0006320654488249922,0.006022871486978554,0.00038008134233891155,0.0017499944286007985
2019-06-18,0.005060083591572395,0.014531243610625966,0.010471564296726354,0.005011384192510349
2019-06-19,0.006057242183997058,0.0037550746564980475,0.0022565785706230024,0.001435538064358477
2019-06-20,0.025177896911959374,0.009299537913277645,0.009554639879709947,0.0026412144538219273
2019-06-21,0.006635612181659978,-0.0014827074899324,-0.0014536926065215061,-0.010986689969762486
2019-06-24,0.014850786310930397,3.189259723757054e-05,-0.0012242682643200942,0.00745623117875982
2019-06-25,0.0019411266395166216,-0.0171662986023029,-0.009808338497777513,0.003096884522750365
2019-06-26,-0.009165393111099984,0.004650306488670486,-0.000997163930006928,-0.006400059199195729
2019-06-27,-0.000977700846950591,0.003821406783161896,0.003545920620390053,0.007047257731628065
2019-06-28,0.0027100317696175935,0.0012869326367277445,0.005146161563175378,-0.0006771811430046348
2019-07-01,-0.019369383559800002,0.013494785710334467,0.009078320398252293,-0.002338900565167279
2019-07-02,0.021359735486276676,0.0039626895929316674,0.0026040967051701447,0.00771302213965952
2019-07-03,0.001649060899963084,0.007525846852534768,0.007995302246825986,0.007129442471200287
2019-07-05,-0.011150231525253074,-0.0020370210703639646,-0.0011384267675081938,-0.013263025239258264
2019-07-08,-0.006432617734537516,-0.007013824280482361,-0.005494549051290543,0.001359357172058484
2019-07-09,0.0035037454291328984,0.005007601092771985,0.0012465712742242285,-0.00037711032774456754
2019-07-10,0.015787490178783115,0.009965216454833392,0.004778431039159425,-0.005507019801278545
2019-07-11,-0.008443584154164463,-0.0007267477904122632,0.0023438393145172043,-0.013350435903033087
2019-07-12,0.006254723814186791,0.005768578551965664,0.004476951070408575,0.0011532060695056412
2019-07-15,0.0,0.0032036382908797734,0.0003326587222802768,0.005759316154181349
2019-07-16,-0.008462554430785363,-0.005150755540339502,-0.003225008515995942,-0.002977602732371465
2019-07-17,0.01646531748539748,-0.004918251234610316,-0.0068052989734774805,0.01079771265055185
2019-07-18,0.014117951186161548,0.0011445849933238161,0.0036610671448795706,7.61765489423194e-05
2019-07-19,-0.014727392803034478,-0.0073279377679101865,-0.005555155281147028,-0.0023485741993818365
2019-07-22,-0.00014876383044060137,0.007957765909052839,0.0024565393959059545,0.0018983661803324559
2019-07-23,-0.005652618252780628,0.006544393866027898,0.007150279890002276,-0.005457550128101563
2019-07-24,0.005086339018351538,0.007017900356377504,0.0046998527937476275,0.00434389521460643
2019-07-25,-0.007070008058076338,-0.0094797483812179,-0.00477766141384417,-0.004779854516707371
2019-07-26,0.001648937368628589,0.010294851232182323,0.006700150330602339,0.0023631842048226215
2019-07-29,0.006659678193005059,-0.0034304463133807417,-0.0018212157703654253,0.0003047635227333423
2019-07-30,0.003344956160896251,-0.004316374366574061,-0.0024547685847475798,0.0024329903827919885
2019-07-31,-0.013112972808538625,-0.013830187533939053,-0.010940451989097988,0.008040869303355791
2019-08-01,0.02402219643390402,-0.004971177349608835,-0.008707762222385118,0.019860484953297286
2019-08-02,-0.0038120684590625675,-0.014725197916514055,-0.0075296548512692185,0.009240901905010812
2019-08-05,0.013981852270352535,-0.03533495383721874,-0.030072907343024702,0.017288363851885036
2019-08-06,0.008128386897085838,0.013998759611382416,0.014022624312066911,0.0079930599107354
2019-08-07,0.015189695160357397,0.0054021143088673895,0.0005909694882642036,0.00035728537357204715
2019-08-08,0.005034686098196239,0.021763698494045913,0.01961970240335109,0.0021423415876238305
2019-08-09,-0.0033161732510501585,-0.009401499765674837,-0.006811203531341237,-0.0019952174883657303
2019-08-12,0.009698502260031328,-0.011475298180735671,-0.012173380087396102,0.02084950944702957
2019-08-13,-0.005959518154781018,0.02191499088882809,0.015551674728951026,-0.00342722240259008
2019-08-14,0.0068415942238304606,-0.02988495957967352,-0.029567472441341502,0.02252959292940937
2019-08-15,0.0066549698650941735,-0.001148924555405717,0.0026418431040453605,0.011119362033751079
2019-08-16,-0.006402214255277094,0.016050257872410878,0.014754983863573212,-0.008009954788604556
2019-08-19,-0.011696303286335752,0.015904500568440838,0.012047779692928362,-0.014302809691671525
2019-08-20,0.007795380191040424,-0.007748096806777904,-0.00766240687055586,0.010344032771635758
2019-08-21,-0.003164420123660472,0.008878360585901968,0.008134968304395196,-0.006664725750257894
2019-08-22,-0.0025395077899371676,-0.0032336137188051506,-0.0003076604090173074,-0.006640744092568984
2019-08-23,0.019589847185487175,-0.03164552622064054,-0.025687260939207923,0.016434446024105265
2019-08-26,0.00013875475282665306,0.015103909589678777,0.011058259301312656,-0.00404230949312967
2019-08-27,0.00957073902105865,-0.0021101561448372275,-0.003923250337030559,0.015409445057556814
2019-08-28,-0.002816539407023644,0.003578418879635503,0.0070413341703474686,0.0012865226327607449
2019-08-29,-0.007164566813753437,0.015289776155392953,0.012772792185957504,-0.003789263549470512
2019-08-30,-0.0025672712303844714,-0.002394500525993881,-0.000444419080608216,0.00027183732109059555
2019-09-03,0.013913043478260834,-0.00970805615578263,-0.0058468190953328,0.0012929855374805843
2019-09-04,0.006243592878966586,0.014435754833688197,0.01135005570921832,0.0014937262984811017
2019-09-05,-0.024001119491110168,0.01831865531911725,0.012855426654523328,-0.018109586158109536
2019-09-06,-0.008523132778435305,-0.000990560995318357,0.000772533007145082,0.007115205071137387
2019-09-09,-0.0037344897557421985,-0.0020880977183872496,0.0005030572978406145,-0.017765305890942718
2019-09-10,-0.008557937047107611,-0.0028762887790937386,-0.00023474026743164345,-0.017527675882095917
2019-09-11,0.006063676329913781,0.009389410300147505,0.007110751542495741,-0.0017769445370225956
2019-09-12,0.002056360685188219,0.004157385938025282,0.003463742544043358,-0.006551170987021404
2019-09-13,-0.008279177519783909,-0.0035709728695519916,-0.0006634555894786676,-0.021359239909608196
2019-09-16,0.008348294532203537,-0.004466672034620367,-0.003088789305727979,0.01274331715491539
2019-09-17,0.0019813102518067005,0.004799688966868665,0.0025319503190470716,0.005424425537536193
2019-09-18,-0.006285306153149484,-0.0004154460648613245,0.0005980012784467803,0.004243201169207067
2019-09-19,0.004050828215713009,0.001662392250822986,-6.634251258519352e-05,0.00300852376930294
2019-09-20,0.011820485442912032,-0.01057899634075088,-0.004724663673908225,0.013209755895933872
2019-09-23,0.005596383832365381,0.0004413055670655641,-0.0002347264799217319,-0.0002109268869131542
2019-09-24,0.005286918308423871,-0.013280523436038805,-0.007846849746664941,0.012054183016121156
2019-09-25,-0.018545379403875573,0.01122462147336023,0.005914483114976221,-0.01462731335036871
2019-09-26,-0.0002820880237280887,-0.0036824317153109076,-0.0020828580724118195,0.006432939412936101
2019-09-27,-0.005148429100112373,-0.012408968270437803,-0.005387312260544896,0.002458260780497712
2019-09-30,-0.015525325955691782,0.009517154021448704,0.004637794195832434,0.0024517717064189704
2019-10-01,0.005472814807717441,-0.008156278557617691,-0.01189455869768985,0.0030107052332208895
2019-10-02,0.011673634369571584,-0.017194255173756945,-0.01766508483350482,0.002443541034648611
2019-10-03,0.004530648552570016,0.010975274733573626,0.008193185811839587,0.00912146165988692
2019-10-04,0.0,0.014725398428882208,0.013532058544813319,0.007383422414030338
2019-10-07,-0.008527071931805796,-0.003018746837681552,-0.0043144059622151065,-0.008288086036953635
2019-10-08,0.00874259511120079,-0.014981042055321248,-0.015524935303681486,0.0026940203580887445
2019-10-09,0.0009160434363713055,0.00976170876036786,0.0094963247932216,-0.005648955998959426
2019-10-10,-0.008729359144837523,0.0077444764789555975,0.0067635538771229076,-0.014894685779379802
2019-10-11,-0.005539370732339566,0.012878903002430997,0.010366990571301304,-0.012376331673208174
2019-10-14,0.003999125640758994,-0.00010448140442953502,-0.0011141021876193147,0.007262881664635179
2019-10-15,-0.006970593591764218,0.012716391378859715,0.009900432939311532,-0.01208836241480793
2019-10-16,0.0057302703836425994,-0.002480265855343222,-0.0016060163870631472,0.0012162445161603141
2019-10-17,0.0014243781997433924,0.002641876068569138,0.002949080887078459,-0.00242940004451464
2019-10-18,-0.0010667370445437419,-0.009610032587426542,-0.004377113461400128,0.0
2019-10-21,-0.004770136663166058,0.008868633332507425,0.006779146978509676,-0.007522814542436973
2019-10-22,0.002932997222985456,-0.007963196817711182,-0.0032666540532944044,0.005846795367443702
2019-10-23,0.0023537934253772264,0.001928555194045778,0.0029096458151238735,0.0010049406891114998
2019-10-24,0.007115918371069618,0.009728506394698355,0.0016340941716186386,-0.002007392833239696
2019-10-25,0.0023316740895991117,0.007985956319005894,0.0040950921619757885,-0.004884739145778472
2019-10-28,-0.008600036764796815,0.009865114759023408,0.005636344976529095,-0.009096782673545634
2019-10-29,-0.0027730332148816483,-0.007744226262397569,-0.00029695460133205565,0.0006561257826134259
2019-10-30,0.005490226541611021,0.004846042181456456,0.00306729711793019,0.014633668946200773
2019-10-31,0.009998499224238566,0.0004568982319264059,-0.0026631084805746053,0.013490780177265016
2019-11-01,0.000912763389017579,0.009082528706115367,0.009263578866200328,-0.0030784673452537437
2019-11-04,-0.002876007780098777,0.006184900331574372,0.004017910914914324,-0.01316177702543131
2019-11-05,-0.016180006273117664,0.0005497431409520193,-0.0011061956589318855,-0.011246218418299425
2019-11-06,0.004290245395359271,-0.002247590928929899,0.00022814663187853412,0.006051484936524298
2019-11-07,-0.015521486102876958,0.0033540115538375215,0.0035165130844347914,-0.018118276216812057
2019-11-08,-0.006364394703267995,0.003991181501156182,0.002466405164254226,-0.004207402537504512
2019-11-11,-0.002401934875323586,-0.0013415771453038072,-0.00190983222183283,0.0006670861260176242
2019-11-12,0.0026995120660886496,0.0028862697931084647,0.0021078140676240587,0.004592688405100409
2019-11-13,0.004002059820052306,0.000248198120267773,0.00032381476880627424,0.0064885948666664195
2019-11-14,0.004203521155341949,-0.0007938950690566937,0.0014553886005117533,0.010329668143512771
2019-11-15,-0.0025259154943226836,0.007347569922019792,0.007236586973382586,-0.0010875341776813707
2019-11-18,0.0029664162029099383,0.0007884957283290639,0.0007375483547384931,0.0018146662718814266
2019-11-19,0.0005050304911609071,0.0014771082252627021,-0.0002884400557945366,0.008332873652686201
2019-11-20,0.0005046655432805469,-0.005998760412399107,-0.0037189841521444444,0.010348214998855854
2019-11-21,-0.005477043362080103,-0.0022260997206865474,-0.001608661982756332,-0.006259434255993734
2019-11-22,-0.0018840181654777854,0.0006446142694367385,0.002223918646802492,0.0012883090660351648
2019-11-25,-0.004791662812458131,0.011841613461547773,0.0077503762772896945,0.0029302561683368644
2019-11-26,0.004814733391401704,0.001909902002596997,0.0022653699445747133,0.005844590980405906
2019-11-27,-0.005299919828770094,0.006988589372123988,0.004457619355106912,-0.002905315111705775
2019-11-29,0.006203971517371398,-0.0045618869995665,-0.0037084889246032926,-0.0021317683862528414
2019-12-02,-0.0005078146228696401,-0.010239043189055885,-0.008494886209093888,-0.013333210632825887
2019-12-03,0.00957984896245434,-0.007832319562894985,-0.006706769310260707,0.020967942513882232
2019-12-04,-0.0013658431498282386,0.00506393746514,0.006170787843585934,-0.009985462884015472
2019-12-05,0.0005758841931267078,0.0019762276698396253,0.0017975922569046787,-0.004864289746296269
2019-12-06,-0.009928092682104261,0.010698542642118447,0.009134222641649314,-0.0055345947954825725
2019-12-09,-0.00029060665275248976,-0.004536521965731621,-0.003144014655826921,0.0021684163499930964
2019-12-10,0.0028347098739491816,-0.0008332868882600097,-0.0011156236510927453,7.213988125243098e-05
2019-12-11,0.00688553265084435,0.005296738994692296,0.002839068074858231,0.007861129285229529
2019-12-12,-0.003527249493396556,0.007464429634221892,0.008618822602874499,-0.01645802413542985
2019-12-13,0.004478873140076667,0.0032926110055282454,0.0005991996949683553,0.01156779567360422
2019-12-16,-7.198680622300113e-05,0.010039157790854736,0.006870129779249501,-0.008990106707555845
2019-12-17,-0.00021575647831872935,0.0005733991960570339,0.00021892621902108722,-0.0013790765966875673
2019-12-18,7.200752478642158e-05,0.0007642458568453137,6.285249908177803e-05,-0.00821231293270297
2019-12-19,0.002589559770448613,0.006251356914228401,0.004098841291728217,0.001599963285370265
2019-12-20,0.0010044438566789715,0.004031214927164628,0.004384375234916638,0.0013192733936455703
2019-12-23,0.003081942822633188,0.0026411962538397393,0.0015273838780622828,-0.0014635561607662106
2019-12-24,0.009431992518777577,0.0005193493555353257,3.126820395760177e-05,0.0028582167061494967
2019-12-26,0.007857298625196796,0.008824131734368246,0.005323557947706892,0.0024112519269929855
2019-12-27,-0.0003511943393945671,-0.0008420207578839767,-0.00024767284459570327,0.0010935912883374144
2019-12-30,0.0021077991140190377,-0.006553885100464951,-0.005513511831926499,-0.003641208901744797
2019-12-31,0.0018929327941459295,0.0018848812950535976,0.002429138568195155,-0.009793488311177212
2020-01-02,0.0073478173310379535,0.016697176081195586,0.009352134757618202,0.011293179088192273
2020-01-03,0.013268521727000326,-0.009159796971705103,-0.007572370771007475,0.015399471496138073
2020-01-06,0.010489502076611812,0.006443194826439402,0.0038150745444736067,-0.005677770951467931
2020-01-07,0.003935150508558971,-0.00013919671363393782,-0.0028118193446674544,-0.004916290884277252
2020-01-08,-0.007501524641443713,0.0075162716621488546,0.0053297292788827555,-0.006610809299014364
2020-01-09,-0.005651653463197515,0.008473573532517209,0.006780491781456677,0.0035105924884992756
2020-01-10,0.006026192495848015,-0.002557351680370079,-0.002877949580586403,0.00889068265055215
2020-01-13,-0.007419483430124996,0.011537007702828062,0.006877716240496934,-0.003033870706128816
2020-01-14,-0.0008915435213457945,-0.003937441412032561,-0.0015247926839352388,0.005144259504481941
2020-01-15,0.005834242779070742,0.0004087975597177884,0.0022603152765086065,0.006631864068448845
2020-01-16,-0.0015695082440052577,0.009583666989457784,0.008318200444963564,-0.003150934704450159
2020-01-17,0.0018454259925253513,0.004948579230214856,0.0031122583135954063,-0.008548386631805793
2020-01-21,0.0010915790702048511,-0.0004476749322260831,-0.0019580625246661265,0.010505984945217373
2020-01-22,0.0003406555206315609,0.0026424579665107473,0.00012055998445359428,0.0035130743392066677
2020-01-23,0.002248122121045526,0.0032160770006277595,0.0011472531905136751,0.00700188512035238
2020-01-24,0.005845572586286041,-0.008415323655219464,-0.008893387145545328,0.008088525343324271
2020-01-27,0.006825312844883635,-0.020655713622161676,-0.01602905115316622,0.015554922471716637
2020-01-28,-0.008926785569624784,0.015360069908485707,0.010478844226493367,-0.007831327405305788
2020-01-29,0.005417872354848807,0.001625790124767157,-0.0008258082330510064,0.009779150463969266
2020-01-30,6.732120695107646e-05,0.0035613712876596537,0.0032452805819773722,0.00013828926240044837
2020-01-31,0.005792420039608892,-0.015857966373873822,-0.01815779834511122,0.009129637875535446
2020-02-03,-0.006495688802043542,0.015109506970638176,0.00742868000992325,-0.0008096414951981323
2020-02-04,-0.01300895070524588,0.022888469398693934,0.01524113898978774,-0.013467187462788521
2020-02-05,0.0012293105482077404,0.0032970179390805487,0.011547542194527471,-0.01093490465954583
2020-02-06,0.005388399719282511,0.008632282370485855,0.0033651908488776527,0.004506760994436032
2020-02-07,0.002645857569860688,-0.004300926888994194,-0.0053296373589073465,0.012478043779456272
2020-02-10,0.0025712490701368385,0.012085623013181612,0.007465251252422256,0.0027700057241279996
2020-02-11,-0.0034419552752806837,0.00017232956984769565,0.0017332161583443195,-0.005040919676409961
2020-02-12,-0.0008127480224853212,0.009741091764988052,0.006442927444616053,-0.005065942014788494
2020-02-13,0.00569345014846645,-0.0012805945173748334,-0.0010672446483723785,0.0038365442636565383
2020-02-14,0.004178427664004669,0.00286343804830147,0.0016021799978207518,0.004377677296448335
2020-02-18,0.012818816524224008,0.0003837685299536986,-0.0025771388829635145,0.00684868019970164
2020-02-19,0.005831221275388376,0.00958553570071996,0.004781820372817824,-6.952541160198944e-05
2020-02-20,0.004084659090851872,-0.009283634228637316,-0.004108939744324247,0.007833805042056774
2020-02-21,0.015025216397275942,-0.019209523503466275,-0.010298039217244925,0.009340874946852207
2020-02-24,0.008985128746405113,-0.038563355997482285,-0.03316586022293422,0.014928975665289501
2020-02-25,-0.017874260693127697,-0.02719179063448851,-0.030301803109617498,0.005324234977253983
2020-02-26,0.004370503298157802,0.005153718072059332,-0.0036782382663995694,-0.005296037628471639
2020-02-27,0.00019483522153040944,-0.05007352005469812,-0.044911543730933756,0.010847779168863259
2020-02-28,-0.03649347478693177,0.000777809183389877,-0.004201670269995295,0.022583612591541735
2020-03-02,0.005526297603759334,0.05160343230093711,0.04330678273695532,-0.007357419439679713
2020-03-03,0.031434333360162325,-0.03206724558607277,-0.02863289727546514,0.015525761246765413
2020-03-04,0.0017545277375516921,0.04172246760468479,0.04203321094685131,-0.010618577487692127
2020-03-05,0.021600945458936538,-0.030382335619624445,-0.03324169503387475,0.02489169651203227
2020-03-06,0.00038096105467699815,-0.016872207748389156,-0.016531076338078154,0.052044106973931914
2020-03-09,0.0016502348575044845,-0.06946435425133657,-0.07809452461880395,0.02710293731564306
2020-03-10,-0.02110133630677158,0.05445035687049926,0.05174508636674635,-0.051257929649101475
2020-03-11,-0.0035603512879937016,-0.04355472293114715,-0.048748409989318287,-0.036798219846526536
2020-03-12,-0.0398882588306293,-0.09169128864920517,-0.0956773272898025,0.006197392920108014
2020-03-13,-0.03051623730778741,0.08470520845782747,0.08548608909437805,-0.022603483940526803
2020-03-16,-0.011446115323986206,-0.11978781874635291,-0.1094236830074734,0.06476572473547115
2020-03-17,0.0135554799295321,0.07584167044129542,0.053992054855957816,-0.06668332034074298
2020-03-18,-0.019921988429849713,-0.03041608824418085,-0.05063266496022445,-0.05641216511052627
2020-03-19,-0.018905499074657994,0.006002327152724085,0.0021247878124242003,0.027225435671938802
2020-03-20,0.014995707221804766,-0.03917602059957426,-0.043094155222258346,0.07519552940828067
2020-03-23,0.044179590424960224,0.0007221462293649505,-0.025568158674777464,0.041209826867140364
2020-03-24,0.048530353360380474,0.07743741709244745,0.09060329091659058,-0.018614664946119297
2020-03-25,-0.01368964099270864,-0.007404915010939095,0.014970216030286032,-0.0022711263925697667
2020-03-26,0.012822223412266576,0.0526605532765283,0.05838973699778949,0.0049215574197534195
2020-03-27,-0.006460489804721581,-0.0343928638397043,-0.02978558208831983,0.02669261265990408
2020-03-30,0.004400644787818209,0.03637328652503258,0.0324755190474173,-0.008229193342437657
2020-03-31,-0.03184668568859872,-0.008539936621936861,-0.014904993143126877,-0.008116234011927403
2020-04-01,0.009456223354449733,-0.042489544131962376,-0.04500517244429536,0.014010297506067193
2020-04-02,0.0163934225377782,0.020295134761839417,0.023075411223280717,0.006345682876700565
2020-04-03,0.0049374590529023266,-0.014192716493368729,-0.014454161160440737,0.002379658358918846
2020-04-06,0.027710521817620126,0.07149470581141926,0.06716628029131666,-0.002611200417792059
2020-04-07,-0.005354484768834378,-0.0004069348459878608,0.001019222789371721,-0.010472478221539405
2020-04-08,-0.008907968786563414,0.021232204251546705,0.0335687212754725,-0.007275908097485351
2020-04-09,0.026123560972308058,0.0014455011752878555,0.01521722046568219,0.0018170866243292227
2020-04-13,0.017140343933811808,0.010803797732004128,-0.009129939312003343,-0.00912961970384596
2020-04-14,0.007868093580683189,0.04349112525144605,0.02949270551824723,-0.00024455832222791685
2020-04-15,-0.005101958505246418,-0.011469845042530125,-0.02124838132675322,0.026489525478221587
2020-04-16,-0.0008649946516461338,0.018240176012457088,0.004824565686932569,0.011356579448162929
2020-04-17,-0.019417471147623044,0.0095657322655609,0.027015639748538156,-0.013404451160003328
2020-04-20,0.007126124562213176,-0.011844292483208507,-0.01761817745001948,0.008045293960875277
2020-04-21,-0.006825274631933054,-0.036899442526621806,-0.030363201706820497,0.012590958498935434
2020-04-22,0.019670860003665247,0.029674353084018446,0.0221944908248477,-0.010216425553831288
2020-04-23,0.00995486708021609,-0.0021328896167208677,-7.197062978181457e-05,0.005308507256044814
2020-04-24,-0.004285520778353313,0.015770341749842265,0.013939156170393208,0.0023470961689133762
2020-04-27,-0.006640444141094992,0.008043599211638996,0.014418280336095268,-0.01861403587575139
2020-04-28,-0.004456556273727319,-0.018834729518952265,-0.004598446444471382,0.011511046976761197
2020-04-29,0.005533445721913166,0.03546109474202819,0.026178397748795268,-0.0051888359389996586
2020-04-30,-0.018116569301821484,-0.0004107344179842265,-0.009310740060860745,-0.011676964839368753
2020-05-01,0.00617125761149806,-0.028185487783704333,-0.02647323308966787,0.00856327604201601
2020-05-04,0.003504803873276119,0.011657268629514883,0.0027579294296329326,-0.0047038101160257195
2020-05-05,0.004241037483481591,0.011337375535030336,0.00923933475756833,-0.00640085255892564
2020-05-06,-0.012855591040204617,0.006156581602429156,-0.006778604846007563,-0.01613594301556953
2020-05-07,0.015350754880484763,0.01287670817344888,0.012067200212831475,0.016706279404366642
2020-05-08,-0.006010293229887331,0.013704719406854693,0.016545825264802305,-0.013000704663703178
2020-05-11,-0.006233636774804485,0.008938819891199046,0.00020543684922480487,-0.007805532517450642
2020-05-12,0.0038890673962401756,-0.020937085352134566,-0.019931815802529784,0.010263881622745386
2020-05-13,0.00962264814750724,-0.012515892940241136,-0.017685770016719338,0.006996186987211939
2020-05-14,0.008850059782004704,0.011352290281495758,0.011967293565988468,0.009787219348962761
2020-05-15,0.0056438144895878395,0.0064915493920825185,0.004596970820716528,-0.0025720831664278743
2020-05-18,-0.007564144999551381,0.018632120449773915,0.03045976884538848,-0.021954314198164293
2020-05-19,0.00965020617044443,-0.002506241610537585,-0.010271497347984382,0.0037415669353646486
2020-05-20,0.0023742810342795018,0.019968396827858115,0.016988194184859973,0.0029935703207264464
2020-05-21,-0.0145763375976391,-0.010890838830760363,-0.006903668557549314,0.00249740814207966
2020-05-22,0.005916836449104457,0.003451844972713447,0.0018987600381332737,0.006016195419450643
2020-05-26,-0.014214859559966153,-0.00269967591354503,0.012320578151587602,-0.013410316636990882
2020-05-27,0.0018024320171106112,0.005457473993646156,0.014878836242101068,-0.0018364475533119151
2020-05-28,0.003350344766475555,-0.0013027036234213307,-0.0018448693409449657,-0.003680449352873816
2020-05-29,0.0073584122707384125,0.014652817498516102,0.004456018283286678,0.007141896686235327
2020-06-01,0.004603768848692402,0.002999766297749673,0.00404163497603971,-0.006733257771961987
2020-06-02,-0.0064768271714218395,0.006707697231409959,0.008280251654813942,-0.0036349276012275222
2020-06-03,-0.01845018380928054,0.004498455596252615,0.013308163484026858,-0.013297222429808797
2020-06-04,0.010526269495827023,-0.007013335026245682,-0.00262665513338034,-0.014479140663088752
2020-06-05,-0.02027532426346157,0.019827180101484654,0.02562933523671207,-0.007123218370319706
2020-06-08,0.010822142733466267,0.007760251075292324,0.012087641209483246,0.0038434083261935648
2020-06-09,0.00964183116931494,0.007244745956535459,-0.007456295458089013,0.011358475892774278
2020-06-10,0.014324773012967418,0.0120016190080805,-0.005580252575375533,0.014827289359342632
2020-06-11,-0.007214084989501601,-0.04954920289049758,-0.05764903304242541,0.0189011395207781
2020-06-12,0.0014163170663434865,0.007948136276705986,0.011975928562958371,-0.009641657697007755
2020-06-15,-0.0017832572551969017,0.012167054546054379,0.009335783720809898,0.0005549519469849606
2020-06-16,-0.0004928345355281749,0.01717304014219656,0.019247366913724306,-0.015333970527396934
2020-06-17,0.0019106166939522051,0.0031704182870571085,-0.004153822347174985,0.004127022061742425
2020-06-18,-0.001968455156468263,0.0027091077753151893,0.0003847875733371531,0.010589221296730233
2020-06-19,0.011032995719469696,-0.00016355638664700134,-0.005714721276162127,0.0008009948646325871
2020-06-22,0.006462217682632332,0.011992600032289191,0.006415294491543655,0.00012256950883759998
2020-06-23,0.008419646377624934,0.00851085069791635,0.0046035442735476995,-0.006833953161591966
2020-06-24,-0.0034839130582626776,-0.020615521457565067,-0.02550872763692047,0.010724921756154915
2020-06-25,-0.0006027175913517757,0.009519484158542424,0.01072057204281962,0.00288271841062282
2020-06-26,0.004463149702982783,-0.023615015568054898,-0.023751686298458474,0.010704395152990154
2020-06-29,0.0005404803669293301,0.010906772939371923,0.014697617008897712,-0.0031475766654057713
2020-06-30,0.004440918278166173,0.0196012633651923,0.012809631305006564,-0.0048560887020335786
2020-07-01,-0.004481089931769877,0.01167215227320173,0.0070050935877021825,-0.0019426890891395265
2020-07-02,0.0021606086958432247,0.006786525987533265,0.005506587596512569,0.0010407455036294255
2020-07-06,0.005988741319838731,0.02458458656502227,0.015437467071788946,-0.004096305788700905
2020-07-07,0.006310260659329048,-0.006888727484624546,-0.010313600343831997,0.014056601351122522
2020-07-08,0.006211565862881185,0.013171692251045863,0.007648496550086925,-0.003994626324511308
2020-07-09,-0.0027044004055614135,0.008423336758564881,-0.005692988028458856,0.015922108035491433
2020-07-10,-0.0025938951172596036,0.006827568924751004,0.010210613738343977,-0.005024762273866057
2020-07-13,0.0012411575864292868,-0.020570568118678967,-0.008659231867242045,0.003306773125626883
2020-07-14,0.004663568910189042,0.007078327086110114,0.012959157424259793,0.0014380142004457586
2020-07-15,0.0008813320073604025,0.002035341183291184,0.009187237515292601,-0.004667499762410432
2020-07-16,-0.009451688651900159,-0.006822393544098859,-0.0032931400158006108,0.004749592005817815
2020-07-17,0.008238009985450212,0.0011578250657395817,0.0028986624108875425,-0.002094650235387907
2020-07-20,0.004820170160796611,0.028370457523802628,0.008081775067269259,0.0024583223406771104
2020-07-21,0.012050997596656066,-0.010420412607240914,0.0021277534912158558,0.0005983202745099003
2020-07-22,0.015202340363078104,0.0035228460471661283,0.005691768648054207,0.0029888166406191186
2020-07-23,0.008825301770064575,-0.026119998526721533,-0.011931774690411512,0.01168079359540486
2020-07-24,0.008578870839228259,-0.009495771922288676,-0.0064404113933727025,-5.8777049165348316e-05
2020-07-27,0.019753770786684832,0.017843221644296525,0.0072925452432857085,-0.003711023700103011
2020-07-28,0.00834113103275036,-0.012724990932833191,-0.006342341684700048,0.006918479394742327
2020-07-29,0.0075102306547618625,0.01152598520471404,0.012298551186405993,-0.0017030328573588438
2020-07-30,-0.007400261112960993,0.00523543915897462,-0.003567734826271818,0.0065886497073954775
2020-07-31,0.00908793109962347,0.017845671607136016,0.007901813259923562,-0.0006429228399555953
2020-08-03,0.0011325390830079218,0.0135068568539074,0.006952541054549455,-0.00503465172743367
2020-08-04,0.021277725496816835,0.0037121480413924157,0.0038626301019670795,0.009532197400359266
2020-08-05,0.009283241730161151,0.0024777982155415046,0.006210805335429281,-0.008743186006332837
2020-08-06,0.013274069532868138,0.013244746862844048,0.006684646586218257,0.005586253864529489
2020-08-07,-0.01588530528005727,-0.011541997266853232,0.0007179167153175126,-0.006666351682324545
2020-08-10,-0.003458957447482258,-0.004272874424696815,0.0029889590663061405,-0.004473588456637589
2020-08-11,-0.05369440853432972,-0.01894151315979309,-0.008254616132551074,-0.011884923190360164
2020-08-12,-0.004668202325739945,0.025151687601597805,0.013942204048793538,-0.009095481868454214
2020-08-13,0.023618065792215592,0.002280894557645796,-0.001807662615736061,-0.010689777155240998
2020-08-14,-0.0043092158240957135,-0.0011747064016283115,2.9613287846341763e-05,-0.0039060965671678938
2020-08-17,0.02169391289315903,0.011610851801661992,0.0031765951374453927,0.0025121434430506184
2020-08-18,0.009008003623491856,0.009625427397238262,0.0021604507859509514,0.007152462168414475
2020-08-19,-0.03156545548841261,-0.006727491820686438,-0.004163724427966198,-0.006251667259033478
2020-08-20,0.006913929262821528,0.013871854959716545,0.0031131751841781963,0.009038973663891614
2020-08-21,-0.008010905834894388,0.006930149682073061,0.0035475721847770814,0.005992445815942826
2020-08-24,-0.005658401286623649,0.006244197355400161,0.01013322306737341,-0.0016243053035348565
2020-08-25,0.0012154763574758753,0.0078622769918395,0.0034994728516166695,-0.007653898691064698
2020-08-26,0.011808847672626355,0.021339363812573175,0.010025670377028284,-0.0038260907452331017
2020-08-27,-0.011561927956646234,-0.003117439827148738,0.002186499763120464,-0.01700938812442787
2020-08-28,0.0173802350530341,0.005085072182375638,0.0064591862576448555,-0.0007437895123844074
2020-08-31,0.002386259791001155,0.008033722202047455,-0.0036223633723312387,0.006640559953535297
2020-09-01,0.0011902895553947967,0.017091688556022167,0.00941849788050586,0.011437725009168842
2020-09-02,-0.013131628719242117,0.009469151369964512,0.014464054801776483,0.009521169840014165
2020-09-03,-0.00810423703378893,-0.0507004763019816,-0.03441404317527841,0.0028403200621678337
2020-09-04,0.0027602959130217375,-0.013325650930376187,-0.00816508629746504,-0.018988348023742163
2020-09-08,-0.0019269219593246456,-0.04806416186657558,-0.02732306089788239,0.006145081857629187
2020-09-09,0.00970825655471863,0.02937583787413356,0.01974746382785919,-0.002687295130969547
2020-09-10,-0.0032231430104036063,-0.019936617119741595,-0.017363429723795676,0.005082905846410579
2020-09-11,-5.486005292487661e-05,-0.006939735420630311,0.0005089504009572199,0.0021325517465351496
2020-09-14,0.007892586821005798,0.0174152918146413,0.013171320512746831,-6.097363782875398e-05
2020-09-15,-0.0023927480714920346,0.014173679999228694,0.005052409335330577,-0.002431682621285125
2020-09-16,0.0028345831622316187,-0.01594664647860311,-0.003968574825920612,-0.002987518927388466
2020-09-17,-0.005489995652194879,-0.015622265261236667,-0.008795325851628788,0.0030571026489167874
2020-09-18,0.0013117087099276947,-0.012762415546016537,-0.011512577703781779,-0.0031083447360754635
2020-09-21,-0.020087296599797022,0.0023983281281598767,-0.011129681376373046,0.005074177295173676
2020-09-22,-0.004846314367596194,0.018578812452375137,0.01018431480857851,-0.0007905718271072892
2020-09-23,-0.021606497297661065,-0.030534253829066493,-0.023190900232742395,0.0013396498696047754
2020-09-24,0.003718800733685912,0.004655906768536333,0.00266564366184574,0.003829427926921314
2020-09-25,-0.0028499771605223767,0.02324899274394876,0.016166519507545107,0.0
2020-09-28,0.01006056066236427,0.020768878777078115,0.01660954776144874,-0.002846153889175085
2020-09-29,0.008432402483858015,-0.004509338967111587,-0.0054459934945557675,0.0011541623993656103
2020-09-30,-0.006004867330144381,0.006848719368325318,0.007582187618825564,-0.0095852326375222
2020-10-01,0.008920516455577454,0.015872326704264195,0.00641979825293415,0.0016495405643190963
2020-10-02,-0.0008953758525005462,-0.028130824203130955,-0.009494383045782318,-0.003734239348218593
2020-10-05,0.004872915921881216,0.021326457980078706,0.017733135398793065,-0.01953950759719847
2020-10-06,-0.011760774579356315,-0.017847121066117966,-0.014216010855449546,0.00538966342729541
2020-10-07,-0.0004512229536247636,0.0172990945903575,0.017406589360766445,-0.00729310004766992
2020-10-08,0.0035549310375408982,0.0053225705646731125,0.008862263408223381,0.005400617948305042
2020-10-09,0.018161347296547614,0.015280343491276938,0.00893034846648888,-0.00018770726009964545
2020-10-12,-0.002871682500567352,0.030870453958149247,0.016087742046483333,0.003185975254869966
2020-10-13,-0.015728823528417535,-3.366647417446522e-05,-0.006526229194688482,0.007160153770118249
2020-10-14,0.003094772946095059,-0.008352783346157078,-0.006283372817695976,0.002288077892518281
2020-10-15,0.003646120384284801,-0.006710875302884611,-0.001235800789330166,-0.0017272487864190555
2020-10-16,-0.0034652086045857677,-0.00548086627948996,-0.0006043701575826343,-0.002780555356365344
2020-10-19,0.0005047466985432791,-0.016325250209223707,-0.01520364137722341,-0.0037794783016675826
2020-10-20,0.0048209014703402,0.002149548392323064,0.004006280266292794,-0.009516444406294622
2020-10-21,0.007531414803434444,-0.0007734566896453465,-0.0018930178649595453,-0.003453728781609988
2020-10-22,-0.009800687777642758,-3.5558099935162346e-05,0.005485275140122203,-0.010396862572213172
2020-10-23,-0.001062475196895396,0.001970877769574386,0.0033948684568687604,0.006112772619120799
2020-10-26,-0.0005037860400700644,-0.014995943115784671,-0.01847969154473239,0.009303080495256522
2020-10-27,0.0026323226696718383,0.007807865220028409,-0.0034475696141620382,0.0067094977774029285
2020-10-28,-0.01614344386479838,-0.03898656928803723,-0.03417904440998065,0.0009347585854369012
2020-10-29,-0.004144728133141373,0.01748640829543291,0.01016377017572534,-0.009708208388529482
2020-10-30,0.004561020978312902,-0.025362773790596926,-0.010424697834700458,-0.009865408567759304
2020-11-02,0.009704919089013941,0.002227218487917959,0.011208105051435435,0.007490225342577039
2020-11-03,0.005676996717700833,0.017297414897238017,0.017655833986061076,-0.0058017250947651755
2020-11-04,-0.0005588578456844351,0.044638812351303514,0.02234951188530876,0.021692852882650326
2020-11-05,0.022983923404670703,0.026070699347211734,0.019502437468414735,0.001738138074365958
2020-11-06,0.0014213621387162423,0.0007475581269620335,-0.0002282466435868935,-0.012084861649961698
2020-11-09,-0.04427097823171633,-0.02043364141934878,0.012565763142778241,-0.021015238403551795
2020-11-10,0.0033127817282887495,-0.01791482345005946,-0.001466829699461436,-0.005766445210385385
2020-11-11,-0.004326595410341194,0.02236998871639817,0.007428826924973819,0.003608553813172044
2020-11-12,0.006060679556170845,-0.004693789853048358,-0.00970114868922245,0.01701789812198795
2020-11-13,0.006819714153532219,0.008772022032544236,0.013844752292499596,-0.0013258819535630906
2020-11-16,-5.650127239831271e-05,0.007802961623761151,0.012482547531362798,-0.002402527892373496
2020-11-17,-0.0036691725592956637,-0.0031718948361229016,-0.005378293487867891,0.0065279243282228006
2020-11-18,-0.005722348480656891,-0.007390531247173926,-0.01203488947325404,0.002896951191559971
2020-11-19,-0.0018804594035273237,0.007824796828499903,0.0042100822228270385,0.005147885109795025
2020-11-20,0.0030257979459697992,-0.0068404814712208495,-0.006847653884939131,0.008869695500612229
2020-11-23,-0.0196938167555728,3.480011845091724e-05,0.005994495029698399,-0.004581464900236587
2020-11-24,-0.015328336846880064,0.014049623894495822,0.016113272683723867,-0.009951635838545192
2020-11-25,-0.0004717367343725076,0.006146884139185849,-0.0015414482652958972,-0.003078907572561018
2020-11-27,-0.010146901518740647,0.00921403772204532,0.0027851337818924904,0.009704759460090528
2020-11-30,-0.006674981596057172,0.0020403111149693842,-0.004427119613186314,-0.0012478799384894046
2020-12-01,0.0210595460814611,0.012815698358332073,0.010937197739977034,-0.014744256588349436
2020-12-02,0.00752153069206285,0.0012853855657195545,0.0021037166863806522,-0.00793649309199762
2020-12-03,0.007873502810363364,0.0014149982539868322,-0.00027274976940905304,0.008063616206229529
2020-12-04,-0.002835427586930339,0.0040755391371625205,0.008617949742923292,-0.014665530153637363
2020-12-07,0.014914066598165077,0.005662543069343551,-0.002054890730966763,0.00902073122743241
2020-12-08,0.003487910186290799,0.003384726734089183,0.0029260171933915835,0.0047252333811460545
2020-12-09,-0.017094017094017144,-0.022640873192487865,-0.00896893453822667,-0.0033050965468738314
2020-12-10,-0.001913054093070632,0.004015935039069829,-0.0003271382207568063,0.008863559141544686
2020-12-11,0.0018586706605219216,-0.0022148671679920184,-0.0011722688969746375,0.0035398075607133705
2020-12-14,-0.005507636250083436,0.00725515031559576,-0.004477601046755986,-0.002770994764507151
2020-12-15,0.013990959829817351,0.010689204687441833,0.01351974051916982,-0.003347573924670222
2020-12-16,0.005519095329445722,0.005499826171456945,0.001569267084756909,-0.0026621317706221337
2020-12-17,0.010520363984510617,0.006537773353034071,0.005591986415525607,-0.00264537172842616
2020-12-18,-0.0016974258370123785,-0.003022438606144595,-0.003992863546674719,-0.002997719570114188
2020-12-21,-0.003173869592184575,-0.0018709439752599977,-0.0035756763205031517,0.003965837885611112
2020-12-22,-0.007903112071065643,0.0027193314260938184,-0.001685209299832291,0.00516130982870755
2020-12-23,0.00664787877129025,-0.005036302059265529,0.0008987084355178698,-0.006909366561342667
2020-12-24,0.003985267471422693,0.00441264218303461,0.003890250723028954,0.003957113330025797
2020-12-28,-0.003629142996869339,0.010078910394230256,0.008590886390686725,0.000445637957455558
2020-12-29,0.003642361648136694,0.0008957117334507103,-0.0019080140475613572,-0.001271214769841822
2020-12-30,0.007655178894261816,3.142509481168787e-05,0.0014270660339881225,0.002163324251701626
2020-12-31,0.003714145601823482,0.0024605478893826582,0.0050806924938366915,0.0014600841624134997
2021-01-04,0.022258360658879317,-0.014120004464934777,-0.013614110742024899,-0.0012047984842767923
2021-01-05,0.0029616260665272787,0.00824411533160263,0.00688746037330823,-0.007426293953703866
2021-01-06,-0.01624105266038789,-0.013852064659612418,0.005978621833316655,-0.0205284383822798
2021-01-07,-0.00233462025122122,0.024191645588251376,0.014857549892642874,-0.008814326092958291
2021-01-08,-0.03420993723985433,0.012858207946999878,0.005697431188333768,-0.0032275280354355784
2021-01-11,-0.0019614419353504164,-0.014450344755696953,-0.0067407216481515375,-0.001652384672039986
2021-01-12,0.006473960214956609,-0.0015900253080699533,0.00021133126110095546,-0.0007941091890699692
2021-01-13,-0.004307374345463466,0.006753307418627008,0.002692928102680847,0.011261978752866275
2021-01-14,-0.0005190998467168306,-0.005347554113627084,-0.003501918755865585,-0.009367960993848845
2021-01-15,-0.012407628760563338,-0.007921111572826933,-0.0072927968759199935,0.003967762628010796
2021-01-19,0.00847307255811236,0.014589925012162164,0.007852092777498765,0.003227375901097007
2021-01-20,0.016282289539807593,0.02326103606601282,0.01383884129985824,0.000984902350240846
2021-01-21,-0.0006271772092728556,0.007999372231729751,0.0009116113672664738,-0.007018004193418359
2021-01-22,-0.007873145210082533,-0.0028804835480278346,-0.0035397120398964477,0.0032365422138835864
2021-01-25,0.0008626173693986328,0.008266167954018577,0.0039440564939075,0.011785621968680715
2021-01-26,-0.0024705999829396363,0.0014632552033897461,-0.0015610106614197816,-0.0018867217684137572
2021-01-27,-0.006335623059913753,-0.027876823338735868,-0.02444026142528144,0.002542148954375767
2021-01-28,0.0009273614616172043,0.005917035973616924,0.008599827264337723,-0.005527902718576727
2021-01-29,-0.0004053281700162614,-0.021038139488160246,-0.02001942220422004,-0.006015920856256796
2021-02-01,0.009385291185094458,0.02498695276781704,0.01664541133507158,0.0011595234416132971
2021-02-02,-0.012167796413785958,0.016314356117177242,0.014140046085791447,-0.006446953006274625
2021-02-03,-0.0015106298641213156,-0.00396715953782012,0.0007861860047004843,-0.008873702574311082
2021-02-04,-0.021530474690833024,0.011826804571364757,0.011365996464727024,-0.002672118667549128
2021-02-05,0.009872160109213546,0.0033910930521774407,0.003935698150691724,-0.008373682182198139
2021-02-08,0.010070118005137685,0.006699904586052741,0.007222311371908541,0.0043907938718394934
2021-02-09,0.0032649110578624185,-0.00021006338754847587,-0.0006661427297696143,0.000740389821666465
2021-02-10,0.0036611162023989507,-0.0022787640082315708,-0.00043549212842297624,0.006653577849978554
2021-02-11,-0.008685078696598514,0.0054996183754607575,0.0016149970948924341,-0.005474913967871697
2021-02-12,-0.0030372306060941767,0.0055892827768577735,0.004939888559142291,-0.012419407970398644
2021-02-16,-0.014353488272303538,-0.0027047187969383435,-0.0008661009011317056,-0.015226890731116272
2021-02-17,-0.011352850687983307,-0.004798350803531415,0.00022955190964579764,0.006350715822729391
2021-02-18,-6.0088418961767864e-05,-0.004372064625300043,-0.004256038049296751,-0.004046951721871417
2021-02-19,0.004148551901348441,-0.004361398066956679,-0.001765864963020114,-0.013292026473217478
2021-02-22,0.014969164015496528,-0.025919826154939818,-0.007691936923454379,-0.00760743447937251
2021-02-23,-0.0023007456922117253,-0.0029772864959063394,0.0012145092328006424,-0.002884848276543339
2021-02-24,-0.0007095264939214196,0.008243241414703784,0.01101944216289863,-0.006559303202243627
2021-02-25,-0.018816524708764826,-0.034862732924570206,-0.024095956988547274,-0.0163305966534375
2021-02-26,-0.024182906697045592,0.004187522999232973,-0.005152521124055731,0.033058750993473884
2021-03-01,-0.0017304170540851649,0.03008177364952669,0.02424028603801931,-0.013207300252099152
2021-03-02,0.005447934683729505,-0.0160385310499902,-0.007803154163228854,7.108944476552637e-05
2021-03-03,-0.011021541189334294,-0.029020054161263742,-0.013245761749912544,-0.010845605092061783
2021-03-04,-0.009836893780889033,-0.016366742606101048,-0.0123749909631502,-0.006449726539510925
2021-03-05,0.0006288110395962221,0.015060492610674103,0.018396659607180288,0.0019472271981018086
2021-03-08,-0.010368190918767173,-0.028313866397102205,-0.004978795463046359,-0.007774564061160838
2021-03-09,0.02127113294736649,0.03944123377445696,0.01427763686538075,0.013857536844975149
2021-03-10,0.005098279923459348,-0.0028547258477403803,0.006224590336354696,0.002003594613004589
2021-03-11,-0.000866011298261804,0.023031251476570258,0.010139165177660114,-0.007213312958068374
2021-03-12,-0.00018572795011984056,-0.008112274859321866,0.0013466151928493986,-0.02122151818740714
2021-03-15,0.004396503999798185,0.01068309965270653,0.0059637114695940685,0.005879764391353293
2021-03-16,0.0009248406787658592,0.005488903207040874,-0.0012613012818710745,-0.004018847220321864
2021-03-17,0.00714498527693741,0.004117557465226351,0.003409805962739876,-0.007483074103218024
2021-03-18,-0.005810023730399405,-0.030630681621777067,-0.014549670871247034,-0.010126009717155382
2021-03-19,0.004183119739068708,0.0035251393978674717,-0.0018503360240442746,0.0061977427054733525
2021-03-22,-0.0014702614866924923,0.018753223122143448,0.007984904086107525,0.011205718599275993
2021-03-23,-0.007300628474884996,-0.004362486567938473,-0.007870666863035614,0.009026910786790188
2021-03-24,0.0034608341081703298,-0.016865641646549134,-0.005083465230761419,0.005381932859465088
2021-03-25,-0.003633653726877295,-0.0017313254628400498,0.005625522476518263,-0.007885092077918654
2021-03-26,0.0028434090575977233,0.015000204264641326,0.016114961416526796,-0.0034999289524323407
2021-03-29,-0.011896005111092234,-0.00028473307668830383,-0.0005053057935608951,-0.008488584675983568
2021-03-30,-0.017091823816998808,-0.005033178658708559,-0.0026527895012772307,0.005240377209657421
2021-03-31,0.015167857324082767,0.015302920932237507,0.004053504970964905,-0.00558008455939063
2021-04-01,0.012628087827510459,0.01704615013693056,0.010798769921514406,0.016597186877985726
2021-04-05,-0.0003704010382533651,0.01996491067430939,0.014353348249166675,-0.00436337692379396
2021-04-06,0.00802867506459215,-0.0006944972764066915,-0.0005907490218742817,0.006792847333724206
2021-04-07,-0.002818323186048577,0.0024181076580356287,0.001157513557629608,-0.0069641705446420454
2021-04-08,0.01075202788807239,0.010433728097643868,0.004746522470528314,0.008254994509968139
2021-04-09,-0.00753747660190629,0.006057951439428111,0.007270503848073817,-0.003622951720797518
2021-04-12,-0.006063609158189043,-0.001304910996534403,0.0003645354676531376,-0.0004361511321639977
2021-04-13,0.007086479573175097,0.011672860305233623,0.0029634472886701513,0.007493394386473229
2021-04-14,-0.004344315528953313,-0.012008281458677716,-0.0034148987753638282,-0.00317729502053965
2021-04-15,0.016162763416190717,0.01515564997912322,0.010742381491167352,0.01673411694866056
2021-04-16,0.006047777218550321,0.0011710496473626986,0.0033422096047268646,-0.007766085111697074
2021-04-19,-0.0027652942409929215,-0.009151799357417056,-0.0049129628798011415,-0.002872516606397424
2021-04-20,0.0035565515706876827,-0.007288674698078812,-0.007321566838499161,0.004609227177027941
2021-04-21,0.009911155680072392,0.008561005905326269,0.009461969598187014,0.002007124767499313
2021-04-22,-0.006483147356353358,-0.012054457636627047,-0.009132826344262601,0.004363699765080886
2021-04-23,-0.003831414124593202,0.012589524673946917,0.010842510064162925,-0.002350339302745308
2021-04-26,0.002644245538133694,0.0065109421429836445,0.0020875758384222287,-0.001427564028761874
2021-04-27,-0.002517371003141977,-0.004332177803318293,-0.0002157199268183474,-0.00872305946843177
2021-04-28,0.002944390689552989,-0.003380882635365068,-0.0002875578617024255,0.0006486297588954582
2021-04-29,-0.004133978948338446,0.003598795918962505,0.006373141951761863,-0.0029549494859036907
2021-04-30,-0.0033690142851713345,-0.006554577961020436,-0.0065706397978601006,0.002313576677069884
2021-05-03,0.012978352341882271,-0.005325651241006368,0.0021566040582654544,0.0005991316754097031
2021-05-04,-0.007329692780131181,-0.017995581521048964,-0.006169190737471908,0.006786027178584675
2021-05-05,0.004142168530566259,-0.003362094753722733,0.0003128334545310363,0.0016494014056418482
2021-05-06,0.01667957921247054,0.007536913856187155,0.007985434982626938,0.0016466198676980959
2021-05-07,0.00899681760120985,0.00811433400021322,0.0072782057343259154,-0.004931673518701496
2021-05-10,0.0030305045955998366,-0.025254211358856082,-0.00990269588348558,-0.01012709996706651
2021-05-11,0.000174300035968189,-0.0013813980745858156,-0.008924383606310649,-0.005659482336297428
2021-05-12,-0.009933813872024522,-0.02588270383774849,-0.0212453561792888,-0.010507841042192156
2021-05-13,0.004107329913244362,0.007730974255949041,0.012012517220389762,0.0015486652224872
2021-05-14,0.009115862292308208,0.02207705952574246,0.015355486670542318,0.009351386853938326
2021-05-17,0.011639321781340195,-0.0060661677293303295,-0.002544790186724155,-0.0021157842967853835
2021-05-18,0.001946172546249958,-0.006751250168613887,-0.00861551623877499,-0.002558342713990136
2021-05-19,0.000685616890880425,0.001148505413901102,-0.0026218840077560923,-0.002418662410153427
2021-05-20,0.004567270124640199,0.0193434123212759,0.010757970227453395,0.00822857589935544
2021-05-21,0.0004545724551812125,-0.005534894960308345,-0.0008188132682143134,0.003206140814328462
2021-05-24,0.001761036294059215,0.01681927127177385,0.010194447512466454,0.0037044649684674358
2021-05-25,0.009072814229376336,0.0013831795557179838,-0.0022188042152825327,0.009263230542879253
2021-05-26,-0.0017420486873281904,0.003483853741490739,0.0019844539618585344,-0.0017214311054944975
2021-05-27,0.00039409662496781017,-0.0037409478418366504,0.0005251483360348974,-0.00402189036535705
2021-05-28,0.003770176937892389,0.0031543509719302865,0.0017886924075656285,-0.00158700017708846
2021-06-01,-0.0026909461441234628,-0.0033239363959769452,-0.0008807389191298753,-0.0002236949448577441
2021-06-02,0.004890446350902078,0.0019527523601827745,0.001572645783139981,0.0023153145352283744
2021-06-03,-0.019578228541437537,-0.010405490206222612,-0.0037114678605213447,-0.0037537281079788043
2021-06-04,0.010783359066451448,0.016969387063938024,0.009145831084326428,0.013694701976979085
2021-06-07,0.0040076283608136976,0.0029800997106390614,-0.0009700523280984363,-0.0030737591177434354
2021-06-08,-0.0030920774052216604,0.0004754104401740733,0.00021299178503486615,0.00702638040012582
2021-06-09,-0.0019175027218333307,0.00023735855360662583,-0.0014920213743911948,0.008829180082426058
2021-06-10,0.004294325821970535,0.01042008195572186,0.004648391895384796,0.005998545045278192
2021-06-11,-0.011252390785353672,0.0026149473796182043,0.0016525967809239983,-0.001613108213867065
2021-06-14,-0.005860923791407013,0.009583091733288418,0.002238866927506189,-0.007659381774940299
2021-06-15,-0.0037777095572453234,-0.006530983815507652,-0.0018339128360264079,-0.0012036889148253627
2021-06-16,-0.016891711518855712,-0.0036524525968995025,-0.0055833870850486855,-0.0008509229385585959
2021-06-17,-0.030740427140865334,0.012697598231001361,-0.00033153858582957163,0.014971768185898515
2021-06-18,-0.005547261946798776,-0.007847353964608894,-0.01349061175336963,0.018805902412072584
2021-06-21,0.012247646651096789,0.006214906826933486,0.014315987022295529,-0.016742994680599366
2021-06-22,-0.0041928539145718036,0.009321807310902042,0.005346238144189996,0.0024423488551186257
2021-06-23,-0.0006616578066259704,0.00048909484070081,-0.001205418146204229,-0.0025752376629987195
2021-06-24,-0.0006019387497473438,0.006182858634150135,0.005915918043592594,0.0016050151510726973
2021-06-25,0.0033124733437563947,-0.0012290989812929753,0.0035519335966693877,-0.01038331758010258
2021-06-28,-5.999463986816611e-05,0.012161602076958378,0.0020160196256524543,0.010280615581208519
2021-06-29,-0.010505462725200698,0.003618937854586113,0.0005380512781811841,0.0016732041359348582
2021-06-30,0.004853503869870712,-0.0015776370610951496,0.0008416081158384436,0.004452962441506836
2021-07-01,0.0034413575356286863,0.0003952542869121167,0.005536487060744166,5.556636715886576e-05
2021-07-02,0.006558341503640763,0.011478598186539513,0.007643635928343162,0.006034691104553014
2021-07-06,0.004961455343207799,0.004321922745323947,-0.0018214121703518105,0.011720645483766168
2021-07-07,0.003806801143447114,0.0021098440677953523,0.003534001975728618,0.00885970809688219
2021-07-08,-0.0006518168637834609,-0.0060396906652467885,-0.008148123486041325,0.003917420837765029
2021-07-09,0.003320562334123478,0.00624379833855726,0.010674873569276766,-0.014062270366528296
2021-07-12,-0.001241101031467462,0.0039055865095511955,0.00358188562706907,-0.0012971593996143893
2021-07-13,0.001301782371024407,0.0,-0.0034088594936710903,-0.00765303720874122
2021-07-14,0.010755182911599048,0.0017935299995244236,0.0014920874389474648,0.0113619536174554
2021-07-15,0.00017547964957964624,-0.00702347924001645,-0.003415573151333118,0.01103024399698338
2021-07-16,-0.00970365108457183,-0.008099333495800276,-0.007843394674569959,-0.0018857407377140811
2021-07-19,0.0011805498135817327,-0.008193431677493757,-0.014767894320537378,0.021928502935527394
2021-07-20,-0.001297100524211059,0.011616422227069156,0.014330328316503271,-0.009639276491640647
2021-07-21,-0.0037192566567244567,0.0077202389508039815,0.008096118397456165,-0.012667015027421735
2021-07-22,0.001955450591350383,0.006610472964481362,0.0020943730995721666,0.009453225324047798
2021-07-23,-0.0031344183025339145,0.011677147365287022,0.010287941489413477,-0.006689427960018368
2021-07-26,-0.0023730060647713103,0.0007875908746384219,0.002454801591913691,-0.0029625730321559685
2021-07-27,0.0016650735799190741,-0.011017936232815106,-0.004557452322256461,0.01067138060898043
2021-07-28,0.005046252863966982,0.0038416685829565367,-0.0004101862141284718,6.657988925184988e-05
2021-07-29,0.011105233370970247,0.0017769839957977318,0.004147594295603296,-0.00554582089336586
2021-07-30,-0.007886842666167015,-0.005211837901982319,-0.0048566394029346815,0.004703007870041853
2021-08-02,-0.0012366429443513294,8.219989340751965e-05,-0.0020979466705307592,0.00891989956913486
2021-08-03,-0.0007074766626713469,0.006061506685588025,0.008135432551714006,0.000530591731042751
2021-08-04,0.0002359625041987723,0.0014447587866632805,-0.00491893395810461,0.0020564411490608947
2021-08-05,-0.0039520921003340925,0.00634304235931249,0.006332771331087006,-0.005097434343862117
2021-08-06,-0.024991124040327772,-0.0043823198513356365,0.0016524836555122935,-0.016700760617055055
2021-08-09,-0.017735654639032372,0.001847773598137259,-0.0008136255192987552,-0.003585940921324249
2021-08-10,0.00030919522248562537,-0.0051257962765254295,0.0012440306652636846,-0.004618150007166255
2021-08-11,0.01378497662510525,-0.0017174875307285342,0.002484896191837116,-0.0006147555125159965
2021-08-12,0.0002438615008097944,0.003604376566331613,0.002996939857468073,-0.0016381168872170448
2021-08-13,0.014325811995228088,0.003510407160686402,0.0018197718019217213,0.01579607910483305
2021-08-16,0.004988291568599701,0.00043329067213515593,0.0023546621974679383,0.0024234249608723335
2021-08-17,-0.0014950364679763295,-0.008807791490812678,-0.006555168485866569,-0.0004030908815421119
2021-08-18,0.0007786122169375354,-0.009624800278644763,-0.010944940716926643,0.0033592412591130216
2021-08-19,-0.002932408589264246,0.00483147441837084,0.0015482161834390329,0.007365136474768885
2021-08-20,0.0005401616803368814,0.010358390048840205,0.007957083371253892,0.0006648001868418962
2021-08-23,0.012177557387281546,0.014956670754169954,0.008796587916940934,-0.0006643585211727476
2021-08-24,-0.00047414113127741686,0.0030543211162172845,0.0015874109782492152,-0.007776878133210041
2021-08-25,-0.006937433805443538,0.0011485604188641307,0.002098397028467369,-0.008306583161120096
2021-08-26,0.0011344784228162208,-0.0063499390721311055,-0.005903053240947642,0.002769893834996484
2021-08-27,0.015029547921398434,0.00972007274645037,0.008940706886116478,0.006803861922116683
2021-08-30,-0.0049356385559711224,0.011222445727684605,0.004397815530917892,0.0026092595424296317
2021-08-31,0.0020076547129428413,-0.0008153714554496316,-0.001481734028814019,-0.006806883128002816
2021-09-01,5.8898619200498104e-05,0.0016580610369063553,0.000531473844942898,0.0016750702849279708
2021-09-02,-0.0026517204262498373,-0.0004729475489270163,0.003076502348769994,0.004365638298789332
2021-09-03,0.01069422486613747,0.0030757790008810737,-0.0002428061298965778,-0.009094633706013933
2021-09-07,-0.01958371853465668,0.0014151612791040158,-0.0035753057649976494,-0.008435496535025178
2021-09-08,-0.0025044029033459703,-0.0034806465518021357,-0.0012182487060085068,0.006805807594400637
2021-09-09,0.004423489287242344,-0.0034401990621497625,-0.004280295369273546,0.012100473209496254
2021-09-10,-0.005058656845151166,-0.007589791610127183,-0.007884540813640206,-0.008816420246102852
2021-09-13,0.0033497597913456634,-0.0006903010078127547,0.002559515309884741,0.00606428234961065
2021-09-14,0.006438546534438316,-0.002843243980364396,-0.005396742973380109,0.012123668526624387
2021-09-15,-0.005864266379652205,0.0074347803826175785,0.008352482095680624,-0.0035077639134315497
2021-09-16,-0.02264197706190263,0.0006880509783224742,-0.0015850679628326425,-0.0045820319219161965
2021-09-17,-0.0015850424237688898,-0.011842431951026411,-0.009740913120243722,-0.004803430982230017
2021-09-20,0.0071441542310690664,-0.02066307121410238,-0.016674264088547552,0.012402371484832031
2021-09-21,0.006669036185550814,0.0012303179406449871,-0.0009446973369103828,-0.0008612223185965329
2021-09-22,-0.0037340107339023376,0.009340607915882648,0.009754640322032326,0.005964390141454778
2021-09-23,-0.011546389089901132,0.00922688572102448,0.012150139189837095,-0.022597119768841822
2021-09-24,-0.00128427290155253,0.0009384143181325744,0.001647216454626843,-0.009773477005402209
2021-09-27,0.00208203509820426,-0.007982210823016977,-0.0028608962430747287,-0.003675758855103517
2021-09-28,-0.009716428402719801,-0.028297984565105794,-0.020151747308803647,-0.015576969590702205
2021-09-29,-0.004504756024632184,-0.0016390111537947227,0.0016829940679843336,0.001735240554693318
2021-09-30,0.01797665363761114,-0.003674201989311232,-0.012222204491835975,-0.00013884107425921055
2021-10-01,0.0022530453929923144,0.006201680855141278,0.01188424065638527,0.00841568155902972
2021-10-04,0.0046783175745395145,-0.0209895908868567,-0.012896247408394457,-0.0025453516018992817
2021-10-05,-0.004656532835140448,0.013499261007566599,0.010404890787676147,-0.009656555493752883
2021-10-06,0.0026733243283083574,0.006407831501084482,0.004156357249377907,0.005641671618222377
2021-10-07,-0.005271739220885419,0.009174933666918683,0.00864546994812354,-0.010457775959208049
2021-10-08,0.00042636491147840516,-0.004986671402031462,-0.0018238639099691367,-0.006999261357307329
2021-10-11,-0.0018875818465466931,-0.007669695024691281,-0.007239655537674139,-0.002537069290974303
2021-10-12,0.004514430828637339,-0.0034877930311449923,-0.0024615408114855297,0.017100020957309114
2021-10-13,0.017794197805277356,0.008007916271584481,0.0035976512358979473,0.00972645221422841
2021-10-14,0.0024464685904206362,0.01841681333008882,0.016820823078489644,0.0037155055110007496
2021-10-15,-0.015892846243722114,0.006300566520663464,0.007615803387818865,-0.005826873965422696
2021-10-18,-0.0024799108302698825,0.010055709058983897,0.0029604450091591517,0.004688231214124983
2021-10-19,0.003213671993580469,0.007567404545786749,0.0077147589480817125,-0.013794393213628187
2021-10-20,0.008763958748792211,-0.001304967434374138,0.0039277004394060455,-0.00675033659966473
2021-10-21,-0.0008987052245035265,0.006106991850196142,0.0026083665284473145,-0.001190738350754117
2021-10-22,0.006116967151190034,-0.008402228616249952,-0.001036154695025715,0.01101314676383125
2021-10-25,0.006914158513320778,0.01023758048212331,0.005362777815329123,-0.0015268435890605225
2021-10-26,-0.00739951491266011,0.0031489696698900893,0.0009000910379426408,0.008269222813439336
2021-10-27,0.002624060476058121,0.0023209243597221985,-0.00443037884325459,0.01819463255458076
2021-10-28,-0.00023788536339730548,0.011105680359517311,0.009649029407620802,-0.003384323462302774
2021-10-29,-0.008507900517562339,0.00491885017217375,0.002029049668042404,0.0030558578366191025
2021-11-01,0.005220584505493342,0.0034185642306827635,0.0017203351854186977,-0.007199840675053304
2021-11-02,-0.0021490007233168074,0.004181504334613839,0.0040429267353954135,0.004438626452098582
2021-11-03,-0.008315382622616663,0.01061546389913115,0.006105291922416045,-0.01033334898870708
2021-11-04,0.011340951773961994,0.01281866205973703,0.004712601156652285,0.010510462382269159
2021-11-05,0.0130629437586407,0.0009544219354240546,0.003469546904583787,0.014955309026708274
2021-11-08,0.003591619309376348,-0.0013549325051491756,0.0008536201852831216,-0.0018754006522556654
2021-11-09,0.0049281100201232775,-0.006883595864097813,-0.0033053040826311886,0.01301857512057758
2021-11-10,0.010858781500706183,-0.014696512328509992,-0.008044803879266538,-0.018283187964028946
2021-11-11,0.005602086369596027,0.0027726211923029265,0.00032356788740717235,-0.0014837574105943663
2021-11-12,0.0018952552280546708,0.010522462464983784,0.007546820231575602,-0.0043931062346123095
2021-11-15,-0.0015477459282561279,-0.00022815955220567563,0.00034235485390565756,-0.012556864432162196
2021-11-16,-0.007233864736584827,0.007121205524106333,0.003957702067853619,-0.0025433962301826263
2021-11-17,0.009137183945092442,0.00052843879610176,-0.0024290129934370075,0.007924651624617418
2021-11-18,-0.0032091550635745536,0.010361204039797567,0.003396189159838192,0.0037609240272864497
2021-11-19,-0.007646325240812324,0.005575434904797838,-0.001788175577264628,0.010557602502101249
2021-11-22,-0.022420457120115533,-0.011608966402426368,-0.002815103280728537,-0.011728030501984121
2021-11-23,-0.008652404091134991,-0.004557899626461581,0.0013260088324480446,-0.014459121675922004
2021-11-24,-0.0009565020521100642,0.0032200978104315325,0.002669708784637015,0.016055360704557042
2021-11-26,-0.001615539860939763,-0.018958533510221587,-0.02230294448121417,0.025268792738311285
2021-11-29,-0.0013785494630753625,0.021702389278984935,0.01226640683504665,-0.0080384819520265
2021-11-30,-0.006721853018899604,-0.014686397217616998,-0.019457471248907288,0.015202978743272366
2021-12-01,0.003987937535404162,-0.017012857088506972,-0.011107213358605983,0.006168494942207836
2021-12-02,-0.005536820827328315,0.007207137032484212,0.015316078671179456,0.0012471213066813647
2021-12-03,0.008412002804647267,-0.01738880491963679,-0.008701150535191271,0.01193222455555687
2021-12-06,-0.002460563224478851,0.008012922730721295,0.011843367128660631,-0.013735299656676303
2021-12-07,0.003549490636251651,0.03011404732545553,0.02068479585105143,-0.00807956850837277
2021-12-08,0.0005395140531609943,0.004474152289984046,0.0026479967304906538,-0.017284328235250612
2021-12-09,-0.006111378376110088,-0.014714178487909568,-0.006751618548664018,0.005592729280851083
2021-12-10,0.004219899491422874,0.01087022077899702,0.009413545975337279,-0.002412415136645696
2021-12-13,0.00252130006200435,-0.014446839650244736,-0.008858359928095472,0.01477901371890189
2021-12-14,-0.009341302746070368,-0.010350344292124114,-0.006880111548410839,-0.0023835703148741283
2021-12-15,0.004291534360497673,0.02279778726644932,0.015624899025843408,-0.009621497708111493
2021-12-16,0.012097561477355745,-0.0257148700000831,-0.008818531219523251,0.0003893423825518383
2021-12-17,-0.002140821851282393,-0.004989146227845298,-0.01064275472931464,0.011331350316159172
2021-12-20,-0.0042312675861405635,-0.009700434712002326,-0.010633393912345301,-0.007491789708454988
2021-12-21,-0.0004188884251822289,0.022380640812445174,0.01775896138854116,-0.0038074745804865806
2021-12-22,0.009400024100517657,0.01217830782342677,0.009998611761142806,0.004626696045290757
2021-12-23,0.0022540179789249937,0.0075392334455706145,0.006222055414927485,-0.008676881639797518
2021-12-27,0.002367247994286892,0.016527215584799526,0.01415233025081264,0.0024239222281352557
2021-12-28,-0.004310065233419702,-0.004634458423332433,-0.0008172669630465146,-0.0039635518208120946
2021-12-29,-0.0002965076609273698,-0.00014974117507371432,0.0012793418864014416,-0.01092439155996816
2021-12-30,0.0071772153754725565,-0.002988475233889454,-0.00276476560219141,0.008386353045117145
2021-12-31,0.00683158799329231,-0.0062442798575762515,-0.002520063374515824,0.001961106336836327
2022-01-03,-0.015383743445999576,0.009626776235190704,0.005789886535650934,-0.026249917189219985
2022-01-04,0.007366515057776857,-0.012970622414934962,-0.000334786950980992,-0.00415826512464279
2022-01-05,-0.00300766493835114,-0.030721208016306067,-0.019202057289542496,-0.005428241414023871
2022-01-06,-0.012244126909514819,-0.0007026135067345063,-0.000939470654300778,0.0025891113603042637
2022-01-07,0.004551137683908024,-0.01083277355126322,-0.003953548850726074,-0.007188733956862148
2022-01-10,0.0030402057039400354,0.0006582835918087504,-0.00124435440816828,0.002460366091422639
2022-01-11,0.0120646549718888,0.015022034815652452,0.009108231234683073,0.006661809705691635
2022-01-12,0.002642622730480104,0.003965442997793556,0.0027035874092380396,-0.003831403363696251
2022-01-13,-0.0033969884760131075,-0.025015950568867185,-0.013778613691053043,0.008880704574400156
2022-01-14,-0.0028796749096049457,0.006222548283497442,0.00040900949184097257,-0.015109155048710132
2022-01-18,-0.001650255097062403,-0.02489427540139355,-0.017709612274034003,-0.014075119267357827
2022-01-19,0.015880526897095182,-0.010983669982788657,-0.010383660795156291,0.00692421803972354
2022-01-20,-0.0024988838330701757,-0.012988507095079482,-0.011067984906490524,0.006166684674631329
2022-01-21,-0.0032624385581478954,-0.02772859427973562,-0.01963059665409539,0.01190659101141267
2022-01-24,0.005494198734739664,0.004577999893138562,0.004246799571321125,-0.008215471468687174
2022-01-25,0.0031971345443269072,-0.02318161581386935,-0.012209055210894881,-0.0016142986514174895
2022-01-26,-0.016166464916677392,-0.0015646702493582465,-0.0025086604962303305,-0.01209424366830647
2022-01-27,-0.012898211138547944,-0.010070351617883277,-0.004938186602444716,0.018362587423856658
2022-01-28,-0.0029832934474428585,0.03136891605942527,0.024835578443631823,0.0003499095602785829
2022-01-31,0.005924537392067553,0.03197864297690711,0.018010937736217425,-0.0051703073723087245
2022-02-01,0.0008328835308379912,0.006803298909566102,0.006756879016693196,-0.0033189407197536935
2022-02-02,0.0036259919505645666,0.008125373498635291,0.00971424316004521,0.003386980628722336
2022-02-03,-0.0014214062993387344,-0.040543921702136054,-0.023505086471324432,-0.007806295942817343
2022-02-04,0.0015420788696549614,0.012614904897311652,0.004702101813220727,-0.014742436045780849
2022-02-07,0.007402581993851909,-0.008044512161140549,-0.0032091897744546127,0.000647545352246981
2022-02-08,0.003056870675416823,0.011235511392395647,0.008227884451385448,-0.00668634334624707
2022-02-09,0.0033991784238243117,0.02119083615247419,0.01463613427451338,0.001881921918077234
2022-02-10,-0.0037965605384254753,-0.022632675410270253,-0.01796554733183575,-0.015892168790487604
2022-02-11,0.019054878321533186,-0.03172154630099089,-0.019718839751998285,0.014827621300953275
2022-02-14,0.005350715998122091,0.0012389722252201807,-0.003269152516612639,-0.012440995434021107
2022-02-15,-0.009499848975192515,0.024863976042414082,0.016126765880494442,-0.011352769648400152
2022-02-16,0.010284254451501385,-0.0002528116487151566,0.0011207508529047505,0.005926461650263448
2022-02-17,0.013668073780773726,-0.029743807081485385,-0.021361497625164816,0.0074389164527661755
2022-02-18,-0.0007334549100845855,-0.01140531965525593,-0.006474886771853483,0.010526555895613132
2022-02-22,0.0020890378623359407,-0.010043554803130683,-0.01073184169099406,0.002604732511944041
2022-02-23,0.0045072272703239324,-0.025615229840581955,-0.017738511546967817,-0.013781596529450657
2022-02-24,-0.006450131470019049,0.03360437692257445,0.015049296756589614,0.0006583193528419962
2022-02-25,-0.003330678220184624,0.015507054230926132,0.02206376303324631,0.0007311537145380242
2022-02-28,0.010365345791119474,0.002978748112878904,-0.0025584728974581417,0.021918651658427768
2022-03-01,0.018163415997793697,-0.015311293296590645,-0.01523013488442293,0.011561388833155384
2022-03-02,-0.010406339832951472,0.01677934255997826,0.01839602008303287,-0.03418202668137704
2022-03-03,0.005953415398956663,-0.014285028930817845,-0.004978431291218999,0.010184987676290724
2022-03-04,0.015929145881701023,-0.014491681629742459,-0.008124565555635455,0.0172639315936709
2022-03-07,0.014862865283030269,-0.03688113270702986,-0.02947935267798507,-0.007629860688770251
2022-03-08,0.027358997610294145,-0.0046482392892535085,-0.007581496857494541,-0.010059239684585441
2022-03-09,-0.029711176156992036,0.035998121349527734,0.02681092387342332,-0.009799308011106178
2022-03-10,0.0031212277978962533,-0.011104892977873426,-0.00451573438393893,-0.014367498941171064
2022-03-11,-0.007027884128157469,-0.020738337230322035,-0.0127150269297015,0.0033467578472279325
2022-03-14,-0.015073711931138378,-0.019204575553563252,-0.0073083555454941385,-0.023348692300770857
2022-03-15,-0.01870545038411886,0.03136701945726772,0.021990425574196726,-0.0017458168054952372
2022-03-16,0.006260803404375848,0.03708640483499215,0.022174345222325975,0.009808243695848207
2022-03-17,0.004888644573449508,0.012106542663772979,0.012510783778457268,-0.007453939133428622
2022-03-18,-0.008789852082788041,0.020468073537628806,0.010952721381422226,0.012212651257905938
2022-03-21,0.007640798069546317,-0.0027803318298192936,-0.0002923327286165067,-0.02315639366647626
2022-03-22,-0.007250775291250955,0.019652713897619467,0.011701457812834049,-0.01281189054307863
2022-03-23,0.013659661796972422,-0.01437146856392657,-0.012878538183721533,0.021914990419741542
2022-03-24,0.007260367097212672,0.02222676596445372,0.015074569614152544,-0.007832901041669116
2022-03-25,-0.004095451209537915,-0.0008340661395108695,0.004883484327309784,-0.013872924326080116
2022-03-28,-0.018203790082975457,0.01547213860647867,0.007112922447175096,0.00854972178952984
2022-03-29,0.00044678784846130526,0.017209853120880858,0.01237087066439213,0.00755245855311415
2022-03-30,0.008038419372069505,-0.011045646922179575,-0.006174826094832997,0.0078017514649137976
2022-03-31,0.000387595883929448,-0.012394673272698054,-0.01539115460445395,0.0024286376473179327
2022-04-01,-0.006365867342034592,-0.001903129079183219,0.0028339285645251344,0.003806627481640179
2022-04-04,0.004846769455083555,0.020588326721028505,0.008566639208208437,-0.006949604366314088
2022-04-05,-0.006264842571455875,-0.02220393229790607,-0.012631241874635046,-0.022592361509614967
2022-04-06,0.002343216670796844,-0.021711438236145186,-0.009999444419552805,-0.00809425254376761
2022-04-07,0.003784886240234764,0.002377788761996902,0.005039142602811575,-0.007532174736434416
2022-04-08,0.006265969312183373,-0.013979119715225363,-0.002673947631607776,-0.010830963744379973
2022-04-11,0.004959463770487282,-0.023657559363307157,-0.01709238146137737,-0.015825053863046445
2022-04-12,0.007676751619003053,-0.004224098741593907,-0.003705267038602078,-0.001380275744628956
2022-04-13,0.004788537865617837,0.020326941232025497,0.011453703090306577,0.0020330499320495576
2022-04-14,-0.003303550666205468,-0.02286728921032677,-0.012451886724539563,-0.02004546015766362
2022-04-18,0.0030971927027434454,0.0007686939461208908,0.00041122933790460614,-0.0049693401637581625
2022-04-19,-0.015112904376299419,0.022350766776003228,0.016142680446833202,-0.0074903735781977065
2022-04-20,0.004894947496407287,-0.014584556977534024,-0.000741711165219594,0.020125729278441806
2022-04-21,-0.0035576001936850066,-0.020691049026975494,-0.014953421605450545,-0.007398086438739293
2022-04-22,-0.0097220932450649,-0.02618614308195366,-0.027439355411525423,-0.006294407918321698
2022-04-25,-0.017970993150090764,0.012846191946362495,0.005797828040040365,0.010001183745483422
2022-04-26,0.001525017044941901,-0.037745188864740986,-0.02896079727872003,0.010066754758212282
2022-04-27,-0.00755702425744631,-0.0011981890431698172,0.0028116257379031673,-0.012825657621615139
2022-04-28,0.005398323510093839,0.0355159847649027,0.025259564905755427,0.0014894604515711674
2022-04-29,-0.00011297696546286318,-0.04499872670164906,-0.0369556695064881,-0.012973118626923408
2022-05-02,-0.018540493535693647,0.016696093175810445,0.006019417902410007,-0.01733370709975257
2022-05-03,0.00264926246698316,0.0010674183390537717,0.0045839901402320304,0.006741751037473209
2022-05-04,0.009822544372671826,0.033812481315528276,0.030453049742869887,0.0055099753066105706
2022-05-05,-0.003811138551277793,-0.05036435241072801,-0.03554286919161587,-0.027398226144524918
2022-05-06,0.0016558743678838361,-0.011980809643107326,-0.005968945263649883,-0.01473571478291047
2022-05-09,-0.014479496708730832,-0.03912686802383314,-0.032017279878105764,0.008797801214996293
2022-05-10,-0.008445202872691127,0.012148647987502148,0.0023106850200536044,0.009069352644688777
2022-05-11,0.008167128516088473,-0.029658241721951972,-0.015886351640223118,0.019272548064272144
2022-05-12,-0.015333925720196762,-0.0023642811675911313,-0.001043723089841908,-0.0018654708355870797
2022-05-13,-0.00810956630229509,0.0370598154176347,0.023907836860080467,-0.01478065486159863
2022-05-16,0.009538483763206873,-0.011591695304246308,-0.004057604739090448,-0.0010348945450842084
2022-05-17,-0.006279296383541522,0.025901654007839836,0.020570374187241613,-0.01208386885215329
2022-05-18,0.0005314848929158789,-0.04909053807979724,-0.0403116835893057,0.021317906741197712
2022-05-19,0.014697234801531733,-0.005358089511992903,-0.006124656273500562,0.0023950571208686267
2022-05-20,0.0006980112537449124,-0.003108090708728195,0.0004365243529198537,0.011350395420689274
2022-05-23,0.004650369455528214,0.016627369702453043,0.01871024251881992,-0.016454676312334104
2022-05-24,0.007521859850632806,-0.021262005965323016,-0.007633837142798305,0.019732227605839814
2022-05-25,-0.006029994959596108,0.0139953063191256,0.008834969236569679,0.0039542924213107344
2022-05-26,-0.0018488983177334939,0.02770701517402907,0.01998154890873627,-0.0045251569119415525
2022-05-27,0.00052102106703944,0.03263961985916808,0.024548961788643187,0.0024413037799055903
2022-05-31,-0.009893009276743081,-0.0026528242578686134,-0.005611112032488763,-0.02116233547325619
2022-06-01,0.006369033199590923,-0.007395750289353797,-0.00808846714942102,-0.0011431315827097333
2022-06-02,0.012309182073779512,0.02738533231705942,0.019043435186665292,0.0005165444629178229
2022-06-03,-0.010152017266979896,-0.026019518725211466,-0.016411621631545636,-0.0021500496453643603
2022-06-06,-0.0044037229040009285,0.0033314996680575693,0.0030449460723527277,-0.018443643814956445
2022-06-07,0.006518420844169315,0.008625509340120407,0.009592276617497841,0.010799879142988411
2022-06-08,-0.0009251975242893229,-0.007196324334599602,-0.010872277128234908,-0.008860088127021326
2022-06-09,-0.0031832564859568535,-0.02678480403644501,-0.02378280718315895,0.0033302885895674095
2022-06-10,0.013412283666592417,-0.035270401703854426,-0.028995549492963124,-0.006202074831696991
2022-06-13,-0.026412288230091452,-0.046495979752483874,-0.03796795946138187,-0.03137910785234832
2022-06-14,-0.008003209616781914,0.0018150009590358618,-0.0030136396682995947,-0.012613446933107064
2022-06-15,0.013050939388113303,0.0249718601976463,0.014256441070920722,0.01865643966968733
2022-06-16,0.011243181594596585,-0.0403464017855214,-0.03309623066703471,0.007939224771406073
2022-06-17,-0.008222816311715064,0.012159638023217179,0.0021557038097357317,0.0032225747713605646
2022-06-21,-0.0037367862070599722,0.025229337654034678,0.02517386066279248,-0.016952192712540892
2022-06-22,0.003985188163408093,-0.0014584543010049966,-0.0018131006759707358,0.02750039212865052
2022-06-23,-0.006129257292171064,0.014892970320129706,0.009802662892222314,0.00821470740790664
2022-06-24,-0.0009984622015154487,0.03426363463804005,0.03179395594733614,-0.013842211465812326
2022-06-27,-0.0011170700540719114,-0.007331750123103387,-0.0038197688429935095,-0.008529211433376482
2022-06-28,-0.0016480211262837052,-0.030466737618600637,-0.020433121090875583,0.0046593609347453935
2022-06-29,-0.0007663579045243951,0.000917066929893684,-0.0008141394695508897,0.015608688514919145
2022-06-30,-0.006077047294322124,-0.01240316398474317,-0.008124412080311116,0.008781586102762029
2022-07-01,-0.0008310541616338707,0.006600575741492198,0.010576535767439887,0.010267040696386287
2022-07-05,-0.02120964335120412,0.017119525880577635,0.0018885554670278193,0.007856825128954359
2022-07-06,-0.015842188833696924,0.006412271073607867,0.0033775505998330235,-0.016790886514795766
2022-07-07,0.000555053276362516,0.021398887490006846,0.014976952428330303,-0.008800539292096232
2022-07-08,0.0004315313201161963,0.0012542438465881212,-0.0008226719109104552,-0.011075717578426403
2022-07-11,-0.005360507452973451,-0.021364575716551815,-0.011423598200261287,0.01724459584607896
2022-07-12,-0.0037167247224720867,-0.009687296937105572,-0.008848798229838195,0.0059418890244420375
2022-07-13,0.004787690503602615,-0.0020613357735493887,-0.0052516163501595825,0.011466330961080295
2022-07-14,-0.014047055610919013,0.0035714363911447666,-0.0024284018744628044,-0.008158692649573918
2022-07-15,-0.0020084561635671516,0.018138782593252856,0.019105036511292806,0.005628165649022465
2022-07-18,0.0009433945063559435,-0.008462474561576228,-0.008257092094534624,-0.010418434046947644
2022-07-19,0.0023874693093759447,0.030753141850541565,0.02701925646934744,-0.005394465826218164
2022-07-20,-0.009402031234323593,0.015856480474400803,0.0063732804638170215,0.002624610339521105
2022-07-21,0.014110421925231709,0.014355132039165719,0.010183232619356719,0.017275830498491906
2022-07-22,0.00249575020790771,-0.01753553687511933,-0.009278366827895068,0.01681104624349361
2022-07-25,-0.0027385476219622396,-0.005695285305327258,0.0012149554414480068,-0.009784770605650306
2022-07-26,-0.0011858106875901608,-0.019649058273248254,-0.011830911864728177,0.0007664185363416287
2022-07-27,0.010184984698782484,0.04225961082374474,0.025966349242797504,-0.005617879735963283
2022-07-28,0.012185323455280006,0.009778344212882928,0.012542233716457796,0.007961168238922678
2022-07-29,0.0028110896821249565,0.018236593020453107,0.014578721233599046,-0.00271794789373514
2022-08-01,0.0056672312077465925,-0.0006019227028946084,-0.0029610864803228942,0.024083595281458425
2022-08-02,-0.005938288400823777,-0.002981867365920654,-0.00659725267434641,-0.021159803883107342
2022-08-03,0.002438243761313297,0.027232742445436164,0.015659344387390473,0.015744715511703422
2022-08-04,0.016539989487255546,0.004676390576092482,-0.0006755788386988426,-0.000335162424001445
2022-08-05,-0.011246066300201418,-0.008168751390554951,-0.0016902054830937319,-0.02380345993383648
2022-08-08,0.008470017618367853,-0.0032324415916815674,-0.0011607912316814462,0.016141616435424666
2022-08-09,0.0030595386607856767,-0.011318641918982686,-0.003971217462723886,-0.003886707752998153
2022-08-10,-0.0025119508170524663,0.027911194656925264,0.021004118849070164,-0.006531701855848393
2022-08-11,-0.0026382206776995876,-0.0056763814004049395,0.0,-0.023309307532543344
2022-08-12,0.00919802099904432,0.019470685223262896,0.016929075461740162,0.01014068968367221
2022-08-15,-0.012867030834262327,0.008081415951986859,0.004120731780213882,-0.0008651515692706946
2022-08-16,-0.001750096754401964,-0.0023421468599786888,0.001958561669544334,0.004157114371555526
2022-08-17,-0.006468335614034371,-0.011406102654547445,-0.007097951688345594,-0.010437220293693983
2022-08-18,-0.0026164156896926194,0.002405005015068129,0.0029065781752115605,0.001481929497334944
2022-08-19,-0.007320625681104476,-0.019496928992696505,-0.013438094957200719,-0.016102470807170643
2022-08-22,-0.006637179344595956,-0.026327468600328974,-0.020822408449857832,-0.0033614627408047326
2022-08-23,0.0069908740848763085,-0.0008266601170514587,-0.002419302265500356,-0.0055030317613968815
2022-08-24,0.0029489200401788818,0.00289709801358784,0.0032010800600272837,-0.007318871494916945
2022-08-25,0.003062787136294043,0.017681813525037615,0.01411771353138036,0.013936263812338145
2022-08-26,-0.012152705301765265,-0.0409882472660813,-0.033849074077911157,0.007537216285588899
2022-08-29,0.0006182375550920494,-0.009855241696982486,-0.006612174187944686,-0.008273056894995467
2022-08-30,-0.008340578885610683,-0.011136672431147243,-0.01097810128862653,0.002485014313304168
2022-08-31,-0.007725314789180926,-0.005813575390939296,-0.007608962624685023,-0.009560740451128313
2022-09-01,-0.008790162100319021,0.0004344847108508354,0.003137797762270189,-0.018308421004618047
2022-09-02,0.008804709144487166,-0.014128094346056996,-0.010544394559181103,0.005656969575142057
2022-09-06,-0.0058394619355668365,-0.007182547960551511,-0.0037732085856890807,-0.024768873909315925
2022-09-07,0.010168638866495439,0.02020135190740513,0.01796506200299408,0.015815706094017612
2022-09-08,-0.006002292729855863,0.0051846352293698494,0.006536220669297599,-0.010257483999094097
2022-09-09,0.005283756568463582,0.02186186352430619,0.01553532099800825,0.0022208181363727597
2022-09-12,0.005068186218703863,0.011885818585742447,0.010747710947947242,-0.008217312322454595
2022-09-13,-0.01301133993119441,-0.05483679206291081,-0.043482368468549804,0.0023273229191114186
2022-09-14,-0.003847613448870524,0.007933480993398412,0.0038158117371263067,0.003436785394620445
2022-09-15,-0.018679143196684067,-0.016653616937126414,-0.011353499165119074,-0.0006481388376566866
2022-09-16,0.005549107201315628,-0.006114707924401497,-0.007628687999683081,-0.0083356157299187
2022-09-19,0.0007700871329356929,0.007787255710602015,0.007754856910108465,0.00233476340129668
2022-09-20,-0.005706587274526553,-0.007970974156647492,-0.011478490888140236,-0.009970037027284828
2022-09-21,0.004642973675810236,-0.0179062477802876,-0.01744379304789312,0.01675250623742519
2022-09-22,-0.0005776772692025478,-0.012307729567250125,-0.008400037245896996,-0.025548213395660158
2022-09-23,-0.01727683040546535,-0.016281726328211676,-0.016754926851201946,0.0040847717221872415
2022-09-26,-0.011633219026207842,-0.004137887120351902,-0.009892474692392739,-0.019110545674119628
2022-09-27,0.002049841746687875,0.00040093379802508267,-0.002552702009334218,-0.02633143600069765
2022-09-28,0.02078665233491006,0.019891948202008347,0.019676330230869343,0.033482407960857774
2022-09-29,-0.00019392836526865853,-0.02882743647770969,-0.020888998418720717,-0.0051760516945800195
2022-09-30,6.462244018679009e-05,-0.016956405572696065,-0.015463546248041249,-0.012910747909919418
2022-10-03,0.024309785681440932,0.023460258478647855,0.02640121823051378,0.015889410193395515
2022-10-04,0.014328122056449066,0.03144087929424377,0.030986678215641383,-0.0027930582313755448
2022-10-05,-0.005538266375543777,-0.0005318609845723632,-0.0023281988430771117,-0.009561198713133767
2022-10-06,-0.00112629171222689,-0.007873118801178136,-0.010315731584194854,-0.0055580639119553465
2022-10-07,-0.010962851258976669,-0.03810403062926093,-0.02789400314886703,-0.009708238937237934
2022-10-10,-0.015201476317757034,-0.009996108184354924,-0.007635308791475559,-0.015545913529595778
2022-10-11,-0.002058091550185215,-0.013738502231301242,-0.006332896623811757,0.004425448340544369
2022-10-12,0.00534932850905423,-0.00034215527647984967,-0.0032984813255301226,0.004907013613774325
2022-10-13,-0.006923532232980256,0.023452313791045842,0.02639092162439316,-0.009566267281728158
2022-10-14,-0.012458897998479546,-0.03005752531414574,-0.022788721074187723,-0.008250684799574692
2022-10-17,0.0028762090057179446,0.03302145940524914,0.025697035724983275,-0.004869689950595113
2022-10-18,0.0021509701146735782,0.00790794496112035,0.011749661626352381,0.0023449024698845022
2022-10-19,-0.013398358104674823,-0.003646587134103818,-0.0070866284584775174,-0.018205969116108944
2022-10-20,-0.0015822103586343728,-0.005102026096384549,-0.008385254835684308,-0.017093045640824145
2022-10-21,0.017827646105301076,0.023447927873587293,0.024301517499068614,-0.018022777499202003
2022-10-24,-0.003243594030472474,0.011001665057447374,0.01223644150968961,-0.008264171873346826
2022-10-25,0.002277944142005106,0.020685550573597666,0.01596866166544597,0.02911219341675575
2022-10-26,0.006363608620383543,-0.02209648262157149,-0.007534353434743735,0.014407657939902174
2022-10-27,-0.001548523944967184,-0.018206159919807008,-0.005339986109741401,0.0104704983805326
2022-10-28,-0.010210687443231947,0.030601071266861846,0.02379083974618612,-0.006873711653415215
2022-10-31,-0.008161399648159207,-0.011628138013833667,-0.007223350902280101,-0.007127992470565392
2022-11-01,0.010203429757038585,-0.010217576806182627,-0.004375656053692389,0.00934563838987712
2022-11-02,-0.006972548399621914,-0.034277384560205015,-0.025096389075412784,-0.004340326587042975
2022-11-03,-0.003806036048150885,-0.019534621518690787,-0.010296767185619005,-0.005397176312219587
2022-11-04,0.030696289684813083,0.016085163118303214,0.014393026553227495,-0.016800522968279163
2022-11-07,-0.003962389674382338,0.01099425985967084,0.009565696326924833,-0.009976796173397418
2022-11-08,0.023099074133724695,0.007287441080449764,0.005395405858787727,0.010935159748760581
2022-11-09,-0.0050172660211307285,-0.02307616941401447,-0.020602131707665894,0.003287075055697475
2022-11-10,0.030444387121793204,0.07378843802290214,0.05495406275875747,0.03847394301461082
2022-11-11,0.006606324071935177,0.018426049993502946,0.009678479862414102,-0.003664213873101785
2022-11-14,0.002187655661719301,-0.008751372246171396,-0.00850646621932516,-0.002451641768026702
2022-11-15,0.0035168677995043307,0.013838527077925322,0.008528811639315625,0.01618019553535488
2022-11-16,-0.0022961020109516506,-0.01364963621752524,-0.007628670502632273,0.021868506902227303
2022-11-17,-0.007267423593311895,-0.002206885329122832,-0.003059910022105261,-0.010552336781130878
2022-11-18,-0.006893636502166456,3.4963007712995875e-05,0.0045405172237116265,-0.006877417949556652
2022-11-21,-0.005589952950737276,-0.01028698474657852,-0.003636073358136205,0.004215221124218349
2022-11-22,0.00117372396636517,0.014402705000350569,0.013456788458222624,0.014191624066441033
2022-11-23,0.006231840940288613,0.010036735098901906,0.006301711326972992,0.01744188695246862
2022-11-25,0.000858470616118101,-0.0065787326301636195,-0.0002237257135500048,-0.0033895514534048043
2022-11-28,-0.007903495498554403,-0.01467287079037305,-0.015957014011886095,0.002817946032367624
2022-11-29,0.004940425418036076,-0.007569792600027325,-0.0017175192633779313,-0.011725881099665547
2022-11-30,0.012781920270785507,0.04558572903855751,0.03150062700609091,0.007354101472354602
2022-12-01,0.01838479961277617,0.0012275178081060378,-0.00073581590194427,0.03194568097020811
2022-12-02,-0.0034556830535615868,-0.003983797840512726,-0.0011537267957003605,0.012575827121668715
2022-12-05,-0.017158885635801036,-0.016783082323521548,-0.017989110813054987,-0.014006819330641407
2022-12-06,0.0027373742314797944,-0.020720620311985738,-0.014414955844664346,0.012880080870218302
2022-12-07,0.009039101712364994,-0.004082601987198786,-0.0017011082400640865,0.023562269086901733
2022-12-08,0.0008416965556858891,0.011834891040954698,0.007833946623603483,-0.002740491431376224
2022-12-09,0.003544160110315664,-0.006376540647243689,-0.007470261368520803,-0.026014525040534253
2022-12-12,-0.008260534556326027,0.012551144458247343,0.014417232131443525,0.0031980489715741633
2022-12-13,0.017081132038632596,0.010750285781618407,0.007569965035364001,0.009655610649750734
2022-12-14,-0.0024330212847030186,-0.007413800710807772,-0.006393689105491318,0.004271069137689709
2022-12-15,-0.01635930934057528,-0.033576480578454415,-0.02446171966490518,0.0039020837191023894
2022-12-16,0.008708721678036602,-0.00953460971785225,-0.011806034722179337,-0.011171035850256805
2022-12-19,-0.0028178306902848504,-0.01405339191682975,-0.00847959805161358,-0.01680492401415179
2022-12-20,0.016594482836064905,-0.0007785578877530508,0.0013682009144799778,-0.01775727381848813
2022-12-21,-0.0016560135809358112,0.014506046785686344,0.014952569652629144,0.002513533208723162
2022-12-22,-0.012085358459954287,-0.02446526191094134,-0.01426622429543567,-0.0001928376841695556
2022-12-23,0.002998321039039853,0.002249201274971524,0.005752293104223094,-0.014659941535016041
2022-12-27,0.008430011409881644,-0.01413815679817143,-0.003943345847684299,-0.019773397181833796
2022-12-28,-0.004505807286929064,-0.013202506085453036,-0.01242808019604158,-0.005891829786910718
2022-12-29,0.005598251568726287,0.02437457126281717,0.018000442143475626,0.011351306813530693
2022-12-30,0.0046786689817972515,-0.0005999387087748387,-0.002634086322220064,-0.01112458986973297
2023-01-03,0.008370656531798915,-0.0067601158776765535,-0.004209929123470957,0.01908420657747989
2023-01-04,0.0094119059589024,0.004764311804031918,0.007720285599779109,0.013699762674890259
2023-01-05,-0.012451461859522062,-0.015654487074319712,-0.011413615700520463,0.004181135028465288
2023-01-06,0.01870749684189077,0.02760156355843124,0.022932201727257295,0.01839681473253041
2023-01-09,0.0022451175785793698,0.006473145032787508,-0.000566803677118255,0.005324149047233995
2023-01-10,0.0036760446135073455,0.008464540463487102,0.007012619027772171,-0.01655010293501613
2023-01-11,-0.000686793935011365,0.017300166007082174,0.01264800320189785,0.01625154860931488
2023-01-12,0.011568000967502767,0.005404347084589922,0.0036407431092533304,0.019681874857872206
2023-01-13,0.012001783992939385,0.0068805186854263845,0.003879432783205017,-0.009372383205679902
2023-01-17,-0.00654507834469964,0.00202860372257585,-0.001831827180336476,-0.0064641402923840685
2023-01-18,-0.0028717524486322477,-0.012999784863338415,-0.015788064885065567,0.024231676218867015
2023-01-19,0.015868520044824974,-0.009824349616624595,-0.00727980952621643,-0.006259657898117221
2023-01-20,-0.003335405556458948,0.027366762446166426,0.018629117499697534,-0.01621144883369041
2023-01-23,0.0018964337632443318,0.022215788642815593,0.011998495622915772,-0.004707954515157153
2023-01-24,0.003618515163479552,-0.0020415918294943713,-0.0010730817250119706,0.014380363734869617
2023-01-25,0.004603959599926544,-0.002219416873918023,0.00037458643568055727,0.00242467145499603
2023-01-26,-0.009055266877154966,0.019497619902640206,0.01099047749181481,-0.004651639895910886
2023-01-27,-0.0013929904624704337,0.009954364725706988,0.0022977163511390675,-0.0025239040971032356
2023-01-30,-0.002566715270248765,-0.020218734436514896,-0.012546907719311884,-0.0036545136722327953
2023-01-31,0.0036362115419990015,0.014985778508640246,0.014703404303224366,0.00799430217260455
2023-02-01,0.012596814339808304,0.021383736745818727,0.010627887549920834,0.012021351623275889
2023-02-02,-0.02075193653580043,0.03588974340001827,0.014557056977148264,0.0012939867592545173
2023-02-03,-0.024957770292002968,-0.01777220374107591,-0.010629198988471367,-0.014955845716825955
2023-02-06,0.0020754098721176284,-0.008459110518985846,-0.0061114496083855,-0.0074036975062387045
2023-02-07,0.000920425708082595,0.02071868499542462,0.013078611613261293,-0.008025908769817569
2023-02-08,0.002471594120761589,-0.01778135582046736,-0.010934649772500693,0.0047590933696954885
2023-02-09,-0.007912418174625069,-0.008837843979415783,-0.008669201449988728,-0.009473270571710435
2023-02-10,0.0019071943211166342,-0.00656309880663708,0.0023335089501874684,-0.011189474997412963
2023-02-13,-0.005076170279846859,0.016016035882271185,0.01173909275417917,0.008414535240209187
2023-02-14,0.0007537389032514774,0.007388893536484975,-0.0004602282540410174,-0.002301981080143345
2023-02-15,-0.00996466725346834,0.007661185650837288,0.00324744509078978,-0.009324875580227543
2023-02-16,-0.0008192368783922488,-0.018763988841971724,-0.013768877902945786,-0.014167873893957794
2023-02-17,0.002986790669610162,-0.007055891147008109,-0.002498060555689463,0.007776450905403687
2023-02-21,-0.003737004613899475,-0.02367487694916659,-0.020060941816098077,-0.01943752962748957
2023-02-22,-0.005626488586046308,0.0007478411263899254,-0.0013782367350712033,0.009164284941902245
2023-02-23,-0.0005304511136865475,0.00873413281918567,0.005319548921855599,0.009772235546977148
2023-02-24,-0.00719467575637045,-0.016744175115727566,-0.010682534656462406,-0.013001038371430518
2023-02-27,0.003920334893926292,0.007161242010371938,0.0034058616506291717,0.0027730358645972064
2023-02-28,0.00455596886271592,-0.001292834204475235,-0.003695863428710422,0.004543221886194049
2023-03-01,0.005772150633673867,-0.008039144778332341,-0.0038361067141291505,-0.01074331486581137
2023-03-02,-0.0005855636445488699,0.008276043352098528,0.0077774368465288735,-0.00886710361573273
2023-03-03,0.010723085619275707,0.020673807891196327,0.016037673103702632,0.02422572515752064
2023-03-06,-0.005043830646819902,0.0011345409956589059,0.0006927415327093733,-0.007753161740550185
2023-03-07,-0.017480480627863337,-0.01226568743225298,-0.015328714360699602,0.00613245891817682
2023-03-08,-0.00047445044105887124,0.0049942081897027535,0.0016320626014529882,0.0009831306414358476
2023-03-09,0.009849316056938173,-0.017326205713611764,-0.018449636268472847,0.0024553693793121223
2023-03-10,0.021562856843419187,-0.014043534221877207,-0.014429531486900848,0.03448608088746408
2023-03-13,0.022948211912439564,0.0074164657410977775,-0.0014252251368593871,0.0022729010413404804
2023-03-14,-0.005791064746217711,0.02297990838161157,0.016530052947651086,-0.016441662549477987
2023-03-15,0.007804133170404848,0.005246150499884861,-0.006254390967018519,0.019310499055154917
2023-03-16,0.002020092008242713,0.026360445091582196,0.01754511678761972,-0.007823232663525248
2023-03-17,0.02912021467748982,-0.00472613718393966,-0.011692682545578537,0.015009620618859243
2023-03-20,0.0003808677357699519,0.0035487634754955977,0.009615525719613327,-0.008797601767150165
2023-03-21,-0.018875115806276432,0.014282757108986743,0.013130746654812508,-0.008592141368581219
2023-03-22,0.01702060989813825,-0.01359811466087224,-0.017046662783494648,0.013333285260984207
2023-03-23,0.012538176085624908,0.011857950799432748,0.002703491867752872,0.0
2023-03-24,-0.011252350246951037,0.0036804718070739817,0.006561991798420097,0.004229535806045792
2023-03-27,-0.009256722051406152,-0.0068510885861896575,0.0018697595535650535,-0.02349133443682716
2023-03-28,0.008189093257242153,-0.005311775662949825,-0.002244527970715726,0.0018210356192946975
2023-03-29,-0.00496077000653139,0.018233848520074147,0.014534808490172857,-0.0020089985075482097
2023-03-30,0.009039576549164652,0.009465518369369486,0.005855257607331188,0.004601312811375768
2023-03-31,-0.005212246135594234,0.01663055496841359,0.014094717871337092,0.01498099464294822
2023-04-03,0.007204410308019105,-0.0024303393154785358,0.0038105603585694148,0.004702998548511417
2023-04-04,0.018640958960437715,-0.003373567319207571,-0.005548109248313615,0.004972031652618281
2023-04-05,-0.0007979247786651378,-0.009872163541170154,-0.0026183704967411847,0.01045440803930986
2023-04-06,-0.007134091065472581,0.006742203146564929,0.003900931366962457,0.0025868044175645366
2023-04-10,-0.007399886547073353,-0.000565941025797212,0.0010262811264352134,-0.016124619791484163
2023-04-11,0.006320556237305208,-0.006417858531855836,0.0002687267289793738,0.0020602167870125143
2023-04-12,0.004885138866613126,-0.008833796156781815,-0.004076068188897497,-0.0010280315461074219
2023-04-13,0.013515672558895409,0.019582133267566304,0.013282699772290796,-0.007858494034427621
2023-04-14,-0.017710313033589165,-0.001879882914770259,-0.0024427152664936447,-0.009146779734673038
2023-04-17,-0.0044537552497120325,0.0008474771474951126,0.003588251096636963,-0.011895806829005262
2023-04-18,0.003880780603893852,6.280238887024225e-05,0.0006523460338927478,0.003563674623439761
2023-04-19,-0.004778520212877502,-0.0004705007717675791,-0.00016902502115312412,-0.0009597487865136145
2023-04-20,0.00393825919904689,-0.007624334574349079,-0.00545708384083321,0.008549784435361696
2023-04-21,-0.00988766926809792,0.0010432503559998363,0.0007768032635153688,-0.0056198919198151565
2023-04-24,0.003039335460481629,-0.0020843262379099947,0.0010433156488014461,0.009674489684422083
2023-04-25,0.005086318131183543,-0.01886395465683366,-0.015873985771110655,0.014704425656978826
2023-04-26,-0.0054373863086726315,0.006064740989701001,-0.004235453142593437,-0.010658219084957676
2023-04-27,5.410039265330013e-05,0.027190823892033533,0.019907993926020273,-0.009922257777541743
2023-04-28,0.0002706525128974846,0.006898799489699625,0.008535242694053258,0.016130148939073496
2023-05-01,-0.004491351825477108,-0.0011472879874070419,-0.001009803425442768,-0.028834466706431416
2023-05-02,0.019296640909943763,-0.008721471110953227,-0.0112390485122138,0.024919738549567416
2023-05-03,0.008479075840785555,-0.006543964492922605,-0.0068643625365335526,0.005582430055123266
2023-05-04,0.00703295344911492,-0.003529704483407725,-0.007082617760958976,-0.009879060337971812
2023-05-05,-0.015647950479605433,0.02125432634332758,0.018512446480463574,-0.0033254604771856267
2023-05-08,0.0012269055761324754,0.0024775045227842796,0.00026660578397397217,-0.014014905059768323
2023-05-09,0.007086162362163639,-0.006333203686977096,-0.004385497645365999,-0.0035775196451041102
2023-05-10,-0.001428442843921074,0.010881787704312584,0.00467244633890096,0.009704132837526691
2023-05-11,-0.008582755587748347,0.0032602066021574228,-0.001744028170606371,0.010571853447274293
2023-05-12,-0.0017100802429794726,-0.003586755170907785,-0.001310190618347029,-0.00836920677723807
2023-05-15,0.0021412620336231925,0.0054146618696626625,0.003450067758428599,-0.010357590233023961
2023-05-16,-0.0124993937971285,0.0011323424932143666,-0.006682722712196387,-0.003004011205535617
2023-05-17,-0.0034618889303412725,0.012104194917074373,0.012139014269973991,-0.002916254181296818
2023-05-18,-0.012972911279784505,0.01857346545304428,0.00963319478537783,-0.007408751550944004
2023-05-19,0.0098988291245512,-0.0022533155553540185,-0.0014552299506770394,-0.0070711517329586915
2023-05-22,-0.002341497915543389,0.0033578543586918475,0.00040618676829140554,-0.003561101072593109
2023-05-23,0.001200731149241463,-0.01267645919624838,-0.01122276880631623,0.0028789917424847378
2023-05-24,-0.008068450017086337,-0.005129567372534005,-0.007244844509494142,-0.004949424571411121
2023-05-25,-0.009618027091793824,0.024332913071881235,0.008659868892332279,-0.002486803776630686
2023-05-26,0.003995567330169925,0.025550617247792395,0.012950816831261758,0.008077627967549628
2023-05-30,0.006190554546333882,0.0045351734980298986,0.00038091223939451524,0.009990891218691234
2023-05-31,0.0015382006614657051,-0.005686172968294545,-0.005545338537757072,0.00871685301718994
2023-06-01,0.00789813034647624,0.011551928010780754,0.009501040165452501,0.003923907076845312
2023-06-02,-0.014747450675273721,0.007499744284741983,0.014461215207291822,-0.010958399037442002
2023-06-05,0.006020416015011243,0.0007049741489022487,-0.0019163583010478602,-0.001862825558682779
2023-06-06,0.0010980396887689814,-0.00016900100953787245,0.0021776110879798694,0.005893865789987185
2023-06-07,-0.012010543410059138,-0.016965522172579406,-0.003457873274601009,-0.014843788125583735
2023-06-08,0.013211240429905624,0.012413413806904527,0.006048702385327065,0.011697176081431726
2023-06-09,-0.0026845203333208945,0.00382255410816712,0.0017942614751011998,-0.0013720000873121974
2023-06-12,-0.0008788640365902101,0.016897069422196598,0.009071871555161648,0.002943721028987545
2023-06-13,-0.007367558613950331,0.007684117056231621,0.006592886129865416,-0.009880835302403801
2023-06-14,0.0005539277015322863,0.007267565773323437,0.0011908620144434057,0.00800325043301986
2023-06-15,0.007030581691497284,0.011915878697587035,0.012397578956493627,0.009605883383065228
2023-06-16,-0.0015392159510752013,-0.00629284045798606,-0.0034061818724115955,-0.0038833538355032005
2023-06-20,-0.010350739592973501,-0.001431649934083734,-0.005188076887479687,0.006920029546939821
2023-06-21,-0.0014464228474878604,-0.013628001891292318,-0.0051239093234122235,0.002420151245288382
2023-06-22,-0.009916979914319946,0.011798997994633575,0.003609855893445646,-0.01207095074849962
2023-06-23,0.0027572461643308177,-0.00991346630263501,-0.007560070623939152,0.009969920991902859
2023-06-26,0.0017396047357047806,-0.013405373831775647,-0.004085668666200859,0.001064714754437146
2023-06-27,-0.004593535884055422,0.017194155801370625,0.010963381215695067,-0.0026102656937304625
2023-06-28,-0.002307409851291853,0.0019517151692365342,0.0005043103867750087,0.004264870608406968
2023-06-29,-0.001071764681377263,-0.002002597047508714,0.0039412780350402965,-0.01804845057178417
2023-06-30,0.006663323502016594,0.0154198982242848,0.011800697847039743,0.011794856162228085
2023-07-03,0.0011218766110339118,0.002355301550799105,0.0011506567075525442,-0.005668872369152589
2023-07-05,-0.00353003237800964,-2.7252670069866092e-05,-0.001487310713533696,-0.0095026120788686
2023-07-06,-0.002980200124891419,-0.007615945242275268,-0.00783057389395525,-0.01414301117993022
2023-07-07,0.007500997402107412,-0.003319928502687697,-0.0025248080420355867,-0.00601939429156606
2023-07-10,0.0007836956455820054,0.0003275963836208984,0.002531198833205739,0.001312015139177447
2023-07-11,0.0037476125602418087,0.004940644295816199,0.0063686144810561895,0.005140628485413634
2023-07-12,0.013541420874312982,0.012629752824453666,0.008045682575374524,0.011131143637876706
2023-07-13,0.0007146999149643118,0.016978968699115304,0.007937006777936073,0.010513041324762051
2023-07-14,-0.0031866482531699436,-0.00021104306375896442,-0.0006228156708004695,-0.005888747186886478
2023-07-17,0.0007165567329587841,0.009338558564034205,0.003472145595752707,0.0004936573333402805
2023-07-18,0.011456278139590825,0.008180920172748296,0.007430647535585422,0.0045392517993825265
2023-07-19,0.00016335645500209495,-0.00023351819183992095,0.0022237158274738267,0.011296465108850962
2023-07-20,-0.005063389149303599,-0.02305196232498352,-0.006634355475664044,-0.012141929284511521
2023-07-21,-0.0030645332195952113,-0.0029992238214456846,0.0,0.00029530877972616665
2023-07-24,-0.00428147332668416,0.001597366180904558,0.004467270826008285,-0.00363729795584522
2023-07-25,0.005567859975791123,0.006777731762459549,0.002729996484983177,-0.0018744993985475578
2023-07-26,0.0048791150253855164,-0.003326621778326544,0.000153571967106636,0.0009884858365687421
2023-07-27,-0.01571197400361901,-0.00238388963045022,-0.006629841016223326,-0.019452943029259595
2023-07-28,0.007981390400291666,0.018214740722401368,0.009790264913791757,0.005136055997540412
2023-07-31,0.0026944104889450315,0.0005214478209270013,0.001904141921175606,0.0024044991762985912
2023-08-01,-0.010364679607279714,-0.0023195571557350636,-0.0028615790782207107,-0.01638687562553598
2023-08-02,-0.004765602229612864,-0.021944179622870097,-0.013910801989888477,-0.01069900079504349
2023-08-03,-0.0003341470787491252,-0.001602656741098163,-0.0028658701146622167,-0.023071405527139266
2023-08-04,0.003620414278603157,-0.004681697486034975,-0.0045228861809475385,0.017711901763339588
2023-08-07,-0.0022753962847783527,0.008466677282771284,0.008728705082563515,-0.009841326677156648
2023-08-08,-0.006341080194621318,-0.008502105643501956,-0.004348796290211676,0.011613451830201349
2023-08-09,-0.00475820704444585,-0.010994691460938788,-0.00668524156652317,0.005171053923945124
2023-08-10,-0.0010686044760203073,0.001848121668488023,0.00035908893317460056,-0.016462531478968145
2023-08-11,0.0,-0.006375621962843803,-0.000583230137355284,-0.00230159544622055
2023-08-14,-0.003040588549344525,0.011222465244177249,0.005520178815666021,-0.002202041548524436
2023-08-15,-0.002654474343068869,-0.010611810431653379,-0.011649113222910956,-0.006094590142739165
2023-08-16,-0.005776029417432049,-0.010589112602535367,-0.007338087446811636,-0.007824434143052117
2023-08-17,-0.0015378724223797935,-0.010922897196261716,-0.007619873679635569,-0.004262279690472881
2023-08-18,0.00017112823031739666,-0.0012548160743229841,0.0004813736705591154,0.0035315047643418307
2023-08-21,0.002737670236275802,0.016111234660864504,0.0065061582555341335,-0.01333029529002594
2023-08-22,0.0016495566176504273,-0.00142879827612441,-0.0027084869843014836,0.007673616873054234
2023-08-23,0.01016464068195777,0.01576849281895565,0.011137738958380217,0.024777716588335608
2023-08-24,-0.00022482031744353037,-0.0213757707615716,-0.013859072061154332,-0.006594187115106842
2023-08-25,-0.0012932863561120334,0.007751608138273136,0.007049798194985968,0.003266156360060668
2023-08-28,0.0028713533365909427,0.007527185769102385,0.0063413039300805885,0.001050104052281009
2023-08-29,0.009768091768254772,0.0218397781869748,0.014454831976887128,0.010386473738202673
2023-08-30,0.0025018747942815445,0.005576933210358792,0.0041187998933380765,-0.0010383994898760518
2023-08-31,-0.0016637258183913595,0.0029981804441745474,-0.0014633606725770187,0.004469217336521059
2023-09-01,0.0004999240959600026,-0.0010581252576823408,0.0018650989594104495,-0.01557837229080239
2023-09-05,-0.008161685723844458,0.0012713255402558854,-0.004321914569048402,-0.014022280420948774
2023-09-06,-0.004534245193468567,-0.008808067939575559,-0.0067223728955301265,0.0024594406729294693
2023-09-07,0.0010684498647577367,-0.007151445439788295,-0.0030701602754569235,0.002773492563131308
2023-09-08,0.0003370270596214642,0.0013974616188354716,0.0015059836663897652,0.003829209250551191
2023-09-11,0.001853109993606994,0.011782800248516967,0.006576717971864099,-0.00720547217121148
2023-09-12,-0.005156651253074851,-0.011088277658155898,-0.0054855703484364415,0.005763570451174482
2023-09-13,-0.0023100098564432514,0.0038088611222883983,0.0011659669752071,-0.00021236487595266418
2023-09-14,0.0005082241752882855,0.008177283167160043,0.008622406366416202,-0.007217801611833163
2023-09-15,0.006603816566220333,-0.01712296804258029,-0.012048386833577451,-0.006094362166217504
2023-09-18,0.005887647601878543,0.0010426067865989541,0.0005863607338791876,0.005701571564214358
2023-09-19,-0.0009476457412548323,-0.002131474885092688,-0.0020738289067671056,-0.007380780208901316
2023-09-20,0.0007253927124595272,-0.01441032857993596,-0.009193264252657651,0.0031249679111089446
2023-09-21,-0.007248413758109917,-0.018324524725129132,-0.016528360624534222,-0.025674056705874748
2023-09-22,0.0032013033173832195,0.00013957957868449,-0.00224842835750505,0.008048508048937864
2023-09-25,-0.005150588926742139,0.004749634726780139,0.004205135824640438,-0.024608777308700147
2023-09-26,-0.007990985893820302,-0.01501598388928116,-0.014691251698763619,-0.0034760123191337478
2023-09-27,-0.012366647894697436,0.0023432955050568527,0.0003990548684880135,-0.005176351046338734
2023-09-28,-0.004997187509914736,0.008365229067671232,0.0057976198581890515,0.003053891229853889
2023-09-29,-0.01027534966921384,0.0007260120064354059,-0.002427163905015739,0.00011302321469486287
2023-10-02,-0.010498705650611395,0.008345720441601756,-0.0003977090012120543,-0.016740294385852228
2023-10-03,-0.0028882419805683623,-0.01754956181882461,-0.013386023779400458,-0.021511820519430347
2023-10-04,-0.00011825651470720455,0.013608566311064996,0.007281987006559687,0.014107841439244817
2023-10-05,-0.0018327868021307259,-0.002946368441020697,-0.0003767125629625667,-0.004984974998040292
2023-10-06,0.005153083621109555,0.01675530912544776,0.01187277664751174,-0.012117044975954894
2023-10-09,0.01838544744893622,0.00510014659414515,0.006402271281079619,0.023469800957103937
2023-10-10,-0.0016780958953311886,0.005537963240449528,0.005204766020287188,-0.0013826925895737974
2023-10-11,0.007303045938392039,0.007135425196896028,0.0040962567303299835,0.020885993077662146
2023-10-12,-0.0030496507265770356,-0.0034751577213950613,-0.006096530056500904,-0.027127451064604013
2023-10-13,0.03214825984540237,-0.0125700198146238,-0.004980657425525781,0.017892314219991823
2023-10-16,-0.004864928190345896,0.011306486916813352,0.010521275141238906,-0.016094072653974445
2023-10-17,0.001854273768354009,-0.0032753873575285253,-4.596870392725716e-05,-0.011020760223079962
2023-10-18,0.014470816805260078,-0.013117993224924462,-0.013325021423486683,-0.008797859818518106
2023-10-19,0.012274016037125302,-0.00935678891749081,-0.008786305077294054,-0.0204731489073251
2023-10-20,0.0027308974274993236,-0.014917929638225469,-0.01228819964199479,0.005678113836250054
2023-10-23,-0.0033770637265356784,0.003017489371897053,-0.0017329300247157509,0.012013635434202197
2023-10-24,-0.0001093308866343401,0.009728039947102252,0.007539391001949447,0.013176492296337328
2023-10-25,0.004208823642007475,-0.024475768387540064,-0.014352338941627019,-0.02226123619663123
2023-10-26,0.0015784524505007003,-0.019067080911900014,-0.011974614723953003,0.015338875220207493
2023-10-27,0.011629799758343662,0.0048011421332048165,-0.0045326618301441135,-0.004249149879558822
2023-10-30,-0.00564054701797434,0.011265205571751702,0.011955641753641721,-0.004503818926888892
2023-10-31,-0.005456562573315948,0.00478259838826145,0.006280243872613278,-0.004881479310929859
2023-11-01,-0.003150642851826202,0.017356639647674754,0.010664769607297453,0.021682106801429013
2023-11-02,0.0033240729584831374,0.018153312298728963,0.0191643412765532,0.022796623076078326
2023-11-03,0.003638921283475316,0.011748908228023547,0.009123454289591049,0.00677845878430694
2023-11-06,-0.007792560392528847,0.004079181158579637,0.002300490037781655,-0.009699869619547608
2023-11-07,-0.0041451308444239165,0.009452660069626306,0.0028459733736811987,0.014749985099772989
2023-11-08,-0.00996764391222027,0.0006439039681289671,0.0007324839775000314,0.017034003702330436
2023-11-09,0.003982968433291267,-0.007695520663748789,-0.007798828767954014,-0.02300117212115882
2023-11-10,-0.010909752197912126,0.022482316142720338,0.015604934498928635,0.0055995600057674455
2023-11-13,0.005570720464602941,-0.003118582248376578,-0.0009531809413960701,-0.002272811963687782
2023-11-14,0.008919177105678688,0.021526343667258363,0.019400554455218266,0.02266774929490456
2023-11-15,-0.002635601473798599,0.0007526691632795401,0.002117156551195043,-0.014034439263225451
2023-11-16,0.011286077178189302,0.0008559052031720249,0.001223092010858906,0.012426787090125568
2023-11-17,-0.00010890234740634774,0.00023313412763892316,0.0012438928869547006,0.004686401992136213
2023-11-20,-0.0016333808174913145,0.012174925176729356,0.0076975551059770275,0.006108358488930321
2023-11-21,0.01079790063288577,-0.005809593804538826,-0.002179424203685665,-0.0004415540346049962
2023-11-22,-0.004262252597287075,0.004093049717121211,0.0038607640202614757,0.003534087766268401
2023-11-24,0.005201596914642392,-0.0014097408922471022,0.0006152605141631629,-0.011774984266968547
2023-11-27,0.006737817869841178,-0.0008731479039634227,-0.0018007611117131228,0.01670346229676989
2023-11-28,0.013331852960406732,0.0026210955046288564,0.0009900730848266814,0.0019715414086849403
2023-11-29,0.0014794398574642376,-0.000974053760170901,-0.0007034326932591206,0.012570892185551852
2023-11-30,-0.004167950375202456,-0.002514026313321649,0.003937427215192413,-0.011551074320520827
2023-12-01,0.017271494075951965,0.0028545556149535134,0.005916071173782678,0.01883389222712939
2023-12-04,-0.02161342646325959,-0.009283379877984665,-0.005249551542220399,-0.003979040454454408
2023-12-05,-0.0037794459254785195,0.0025109749815845905,-0.00019712552008965822,0.021485924450676652
2023-12-06,0.0036868953454944897,-0.005783849924441475,-0.00402977182231945,0.013317902852166608
2023-12-07,0.0016503277504122948,0.013972268688728695,0.007630496052002167,-0.005737135671885274
2023-12-08,-0.01334039111485108,0.004456626530900731,0.004299109572013071,-0.008183042095826432
2023-12-11,-0.011042895165362276,0.008542122275115194,0.003889668084583242,-0.0021156553413695933
2023-12-12,-0.0005446421195114404,0.007964223199560028,0.004567075188830927,0.0029679243562124036
2023-12-13,0.022562533466176538,0.012717278821666067,0.013790268404680006,0.02346270006144402
2023-12-14,0.005862552982469849,-0.0008668715528742377,0.003209297866463734,0.02601278913483407
2023-12-15,-0.009166511771857233,0.004834035074962717,-0.0016465287174175502,0.001110691589421009
2023-12-18,0.004545487184575592,0.006298715817415257,0.005625087750699143,-0.007967597992106334
2023-12-19,0.00681394057869511,0.005109503754517686,0.0060808128834979325,0.005388241500465796
2023-12-20,-0.005445982936102989,-0.01485974539396373,-0.013857329752805847,0.00677534357070031
2023-12-21,0.007070635455129759,0.011635304401884206,0.009481947172871763,-0.006327867430344192
2023-12-22,0.004434417088942322,0.0014960788921898338,0.002009796586159185,-0.004548577673772813
2023-12-26,0.007620733251079592,0.0061217673413198614,0.004222534756743723,0.0028428805726190554
2023-12-27,0.004537842226414179,0.002035729304862288,0.001808100974468374,0.01772014545041456
2023-12-28,-0.005815437657636813,-0.00048612137747316986,0.0003777122211576778,-0.007263302456158693
2023-12-29,-0.001566841018672216,-0.0043276671044739645,-0.002894986119617915,-0.009019832009399709
2024-01-02,-0.002353909884146743,-0.01692228360089776,-0.00559638348657121,-0.005764549830316046
2024-01-03,-0.008336809604204354,-0.01058144112896564,-0.00816674714951049,0.00417053556245528
2024-01-04,0.0010046128932528209,-0.005146557113623551,-0.0032209413968929956,-0.015194353145968731
2024-01-05,0.00015845540955172766,0.0011860426112166866,0.00136953399109907,-0.009566246875313378
2024-01-08,-0.007816271130823282,0.020667977508645574,0.0142760527784358,0.009866096881277597
2024-01-09,0.0003193567900841021,0.001975555413500585,-0.0015171279191281695,-0.006375777427661933
2024-01-10,-0.00228804710551489,0.006777596536426955,0.0056553985717209265,-0.004657414027149698
2024-01-11,0.0019733072916665595,0.002080734276688423,-0.000440541101633829,0.005614888386009653
2024-01-12,0.009794068475553752,0.0005130781280255903,0.0006927159818934658,-0.0019648088681574194
2024-01-16,-0.009488181898979597,-9.77150092670298e-05,-0.00367124070788305,-0.01761266402983319
2024-01-17,-0.01101595063528893,-0.005640685679002111,-0.0055586284943240916,-0.0015820026501385254
2024-01-18,0.008232882099906247,0.014194164510707763,0.008892743175694662,-0.009295330520863843
2024-01-19,0.00298872590696031,0.019830835323511042,0.012466148799797905,0.0031983874583825234
2024-01-22,-0.003777957126316789,0.0013059625322029422,0.0021143216898256156,0.005951864323413325
2024-01-23,0.0038991332271092194,0.004149575688578766,0.00291641348770999,-0.007923949884881543
2024-01-24,-0.008246890539639895,0.00554931661646596,0.0010933277311795386,-0.005857084977363813
2024-01-25,0.003969986681303217,0.0012210336777822572,0.00543884122687377,0.006534559884315394
2024-01-26,-0.0006946931881827156,-0.005957647883562123,-0.0012704629601297812,-0.0019158332960196311
2024-01-29,0.0070584854445867595,0.010240565351014697,0.007919372812505543,0.011516517448891594
2024-01-30,0.0013805262268788976,-0.006656541705869268,-0.0007734281174205382,0.009065769104322552
2024-01-31,-0.0007423479101065222,-0.019586120054766343,-0.01631726054723548,0.009820412775907839
2024-02-01,0.01040067256889099,0.011775391006724867,0.01308811352749828,0.01961587281703303
2024-02-02,-0.009453300862028224,0.016900517801445192,0.010527360256687768,-0.022088636880874146
2024-02-05,-0.005513988032274764,-0.0013051957966712102,-0.003641195932157837,-0.02019350351523308
2024-02-06,0.005224693124019186,-0.0020074527676536835,0.002903381627711532,0.009773339372642242
2024-02-07,-0.0002651978305409086,0.010290283212254447,0.008340367966469975,-0.00483923833762212
2024-02-08,-0.0009018470501077624,0.001851825866225898,0.0004417504755491741,-0.0058145444623188824
2024-02-09,-0.003876152075832917,0.009843142293583185,0.005779335219044279,-0.002020548649839027
2024-02-12,-0.0026119694947860372,-0.003912551328795533,-0.0004390181849750485,0.0011721692897277425
2024-02-13,-0.013788690196348319,-0.015597087102059315,-0.013772989470670738,-0.017135129069338007
2024-02-14,-0.0005961123453055439,0.01089725644957662,0.009087666865085442,0.005089264024065621
2024-02-15,0.0067238125229136525,0.0029777393795913376,0.006899667161367695,0.005171488353705289
2024-02-16,0.0036625695484677756,-0.009067558230766659,-0.004979973893040612,-0.005787774887788366
2024-02-20,0.006064210073093879,-0.00754831013299595,-0.0055054446149716,0.000862395494849677
2024-02-21,5.331256612173263e-05,-0.00400163944902876,0.000906009374880723,-0.007108884862029541
2024-02-22,0.00042672195902415666,0.029275705703726507,0.02069542385601153,0.004881346541113496
2024-02-23,0.005651511902278639,-0.0029448422406951336,0.0006895340549972762,0.013386860654281296
2024-02-26,-0.0022266895335479875,-0.0005266693073300299,-0.0036623936883167785,-0.002982737840607874
2024-02-27,-0.0010626830578386315,0.00240540815496626,0.0018576860509953441,-0.007052189132222497
2024-02-28,0.00180849115899262,-0.005324601078970481,-0.0013215788271536688,0.006349048527845236
2024-02-29,0.005150266749304189,0.008569414710502876,0.0035949057285806774,0.00705728523199034
2024-03-01,0.018910791174389097,0.015056963984981575,0.009388268828250945,0.006230931089138636
2024-03-04,0.016174996770490724,-0.0035681712544526345,-0.0010724602446435805,-0.004022606033126541
2024-03-05,0.006020141664404566,-0.017949530571206296,-0.009994008148525246,0.014241961262486669
2024-03-06,0.008215401882095241,0.006283658148116045,0.005067066965680045,0.005868008061332253
2024-03-07,0.005683843351386164,0.015177999882433513,0.009926452811681807,-0.0009377876090762571
2024-03-08,0.008452547868211147,-0.014434792860149703,-0.006002087411756563,-0.001772251740553732
2024-03-11,0.00183502012710135,-0.003712678605117148,-0.0008599241494925414,-0.0005223586824489868
2024-03-12,-0.01094062729637224,0.014334867250630046,0.010757350110865094,-0.008361396478963279
2024-03-13,0.00700740378557585,-0.007686001629816919,-0.0015675296099572078,-0.004848306061667751
2024-03-14,-0.004175139558116325,-0.002521265848270393,-0.0019767611898465764,-0.015356688619749148
2024-03-15,-0.00319440663913817,-0.011886803761075648,-0.0068664632814759985,-0.0003228109927927436
2024-03-18,0.0016022835845583838,0.009537397858141006,0.00594303192308776,-0.0030124736522837425
2024-03-19,-0.0011498061737871268,0.0024914477168753724,0.0055572112941100205,0.002805709907605758
2024-03-20,0.011911859798154678,0.011856675340542244,0.009249159262641582,-0.0003227104089698063
2024-03-21,-0.0010386361790747367,0.004732211836271594,0.0033048525344137047,0.0021526765710706552
2024-03-22,-0.00802096899240623,0.001143831632306247,-0.0018959932670662427,0.009560855478592645
2024-03-25,0.0031944066391380588,-0.003629135295151853,-0.002762773784953154,-0.005000881987376582
2024-03-26,0.003233961285236564,-0.0032376941994981534,-0.001846911701943288,0.002780388222087149
2024-03-27,0.007240660177973313,0.0034060161921454224,0.008403864922472248,0.009917868964407273
2024-03-28,0.012900024807739996,-0.0018434220924163913,-0.0001910988893021326,-0.0008449540308936854
2024-04-01,0.010208079384865787,0.0021171481697641603,-0.0017398715306375934,-0.01864098894641031
2024-04-02,0.014772360490971526,-0.00863014159818487,-0.006358016169788816,-0.0055105284686387535
2024-04-03,0.008772374739768773,0.002244289497380647,0.001098354063610918,-0.00021733987585859094
2024-04-04,-0.005734705223284009,-0.015290668364255855,-0.012206091925434648,0.0071726706284134245
2024-04-05,0.017114197447370305,0.01178394790066406,0.01044698067512595,-0.013919147010196031
2024-04-08,0.00622848536623688,0.0002951435113409673,0.0005593141739412832,-0.00010925750213996999
2024-04-09,0.005497054993034878,0.0036995267039736657,0.0011567319533956066,0.009301897099141865
2024-04-10,-0.009463856185613961,-0.008728689700584713,-0.010012984846667017,-0.02179352313564631
2024-04-11,0.019433247203493043,0.015968233618213645,0.007546862480315886,-0.00454422056324344
2024-04-12,-0.013239324939518515,-0.015941675096801222,-0.013803209202728373,0.005344542198883584
2024-04-15,0.01871915519396472,-0.016451098443017842,-0.012528106889955759,-0.0155057541225192
2024-04-16,0.0012220152803359419,9.28619870961267e-05,-0.0018237877465197005,-0.006637302623994534
2024-04-17,-0.007368252752093185,-0.012201404965978435,-0.005918175894986888,0.011098710686171742
2024-04-18,0.0034154561341945833,-0.005706383969467321,-0.002057705799538345,-0.005040560590551024
2024-04-19,0.003131535140574959,-0.020689111840341612,-0.008728397426554513,0.0036025278903693003
2024-04-22,-0.02470249054532203,0.010056687209094584,0.0092090709627477,-0.0016826054392842238
2024-04-23,-0.002458663172418052,0.014922888857358041,0.011866701043813821,0.0003369550529934706
2024-04-24,-0.0018600907225296837,0.003387742755351031,-0.0004745904155173397,-0.007076241008085571
2024-04-25,0.005963468053189924,-0.004830006537820175,-0.0037989601429470055,-0.0070131432606694855
2024-04-26,0.003241927353549112,0.015431677650726172,0.009473892050490873,0.005239865428755319
2024-04-29,-0.002031218037689575,0.00406041112056732,0.003541427337288461,0.00838615309605073
2024-04-30,-0.019937078844561418,-0.018856160112917686,-0.015841105249633447,-0.008541129377974799
2024-05-01,0.00906215232545482,-0.007230452064201476,-0.003247212585474224,0.007370938968402685
2024-05-02,-0.0030870874411647042,0.012763307094980192,0.009353450252192363,0.004290846714632979
2024-05-03,-0.0007976266365629092,0.02009831053191724,0.012395332543550186,0.010119062191429773
2024-05-06,0.010518361024399514,0.010953523292186462,0.010326734245154512,0.003895946761187208
2024-05-07,-0.004600326433150892,0.00015890570724752529,0.0011034841596206935,0.0060982690628925695
2024-05-08,-0.002941061869504713,-0.0005903478822707475,9.660297516567162e-05,-0.006061305590528976
2024-05-09,0.015778607960932778,0.002181281950590197,0.005761744202457342,0.0048787088251038835
2024-05-10,0.008112513438038427,0.002358414089610461,0.0012881689335346724,-0.005627363863442203
2024-05-13,-0.011202103844459854,0.0023072400889359024,0.00013448800866400212,0.0025523618126217507
2024-05-14,0.008462045119477013,0.0064322540528785055,0.004588101776224374,0.005644709311014795
2024-05-15,0.012838750510223873,0.015630262938530093,0.012382947312628012,0.01364718470968418
2024-05-16,-0.0038933433506626036,-0.0020313985319945216,-0.002057521388343031,-0.0009770954817375221
2024-05-17,0.0164977725898805,-0.0004866911629540782,0.0014376621237919274,-0.006738490700992861
2024-05-20,0.004023937591649318,0.006972808324242408,0.0011522907357506273,-0.0029542439865145598
2024-05-21,-0.001469548604570936,0.001956359747765868,0.0024523478469407056,0.005157899484821371
2024-05-22,-0.01837396956557802,-0.00019753084411944233,-0.0028791604322409015,0.0012011950028960605
2024-05-23,-0.019944570339717638,-0.004498357560663413,-0.00730451522273845,-0.006434089649481556
2024-05-24,0.0009271136061119734,0.009456352655899725,0.006616395188449031,0.0029634152712592066
2024-05-28,0.010513172896031486,0.0037777543067627484,0.0006992251931334792,-0.014335805647101019
2024-05-29,-0.009303812074716977,-0.007048400134114452,-0.007002628129910593,-0.012101846432032604
2024-05-30,0.0018967600627461945,-0.010713422940050399,-0.00663381550489206,0.009665032606123392
2024-05-31,-0.00586417430627717,-0.0018601071384500845,0.009108093164282405,0.006789936389906881
2024-06-03,0.008917780500373507,0.005369304036061617,0.0008152404198553675,0.01617456248438298
2024-06-04,-0.008977059834655465,0.0027364663485052176,0.0011181274648683903,0.011681331649220139
2024-06-05,0.011845603201319,0.020159757828400737,0.011884941213510247,0.007337891625669446
2024-06-06,0.007391356612921562,-0.0003452283294593794,-1.864024675468645e-05,-0.0014997931319817859
2024-06-07,-0.03568330143379639,-0.0008848656184080594,-0.0012156246633115986,-0.018345515311104732
2024-06-10,0.009168181127878317,0.004039361390480778,0.0030896534756781335,-0.006666753072389842
2024-06-11,0.0028566106093961263,0.006862797018036826,0.002408338954078104,0.010342036770493612
2024-06-12,0.0026617200115086614,0.013097552529953038,0.008213109386135509,0.007513915829268303
2024-06-13,-0.008150148984962247,0.005420258980088688,0.002013509619053,0.014699486735671563
2024-06-14,0.012959545903254766,0.005181248454760867,0.0006083855988368025,0.008415161715184638
2024-06-17,-0.005191652247571676,0.012249980244254388,0.00795871175044316,-0.009929009082068396
2024-06-18,0.004007271832187298,0.0003092102238551053,0.0025408350120808,0.00917503309165868
2024-06-20,0.012484347826456466,-0.007708068974323745,-0.002716444143760155,-0.006660416311364492
2024-06-21,-0.015493238109986152,-0.0026793825340594157,-0.001340722202359701,0.0
2024-06-24,0.003957566385821121,-0.011384601292919072,-0.0032507395346381696,0.004044170335488317
2024-06-25,-0.004962237629221655,0.011435609470292984,0.0038507542067618417,0.001696419082913847
2024-06-26,-0.009228168111804491,0.0020651264578768203,0.001248271227491493,-0.014286024524199692
2024-06-27,0.011336925587312363,0.002581368210531787,0.0015765761896335828,0.003971978903275053
2024-06-28,9.297647872519299e-05,-0.005190935437044186,-0.0039351790968482625,-0.01860559611348933
2024-07-01,0.002604589701363791,0.005865077157789056,0.002057794119099121,-0.017258944280423072
2024-07-02,-4.643394389247657e-05,0.010499651195425175,0.0067298929839318955,0.007785533274200507
2024-07-03,0.011273000380832565,0.008337139646424241,0.004462748330993138,0.013133463275704305
2024-07-05,0.013486798057397165,0.0104268527993856,0.005766370396420806,0.008278799370881718
2024-07-08,-0.012402074526820739,0.0023781442680774756,0.0011538715866978855,0.002160881309137608
2024-07-09,0.0016957473442755777,0.0008647234797722891,0.0009726223243602394,-0.004420092344435855
2024-07-10,0.0036603361122538036,0.010426508574559845,0.00989528053077593,0.003140021423721606
2024-07-11,0.017733403441032136,-0.021930176838108495,-0.008622675948070313,0.009715298819491958
2024-07-12,-0.0006270969301161999,0.0058748393488423645,0.0063076263231880425,0.004276035780417464
2024-07-15,0.0032271131671974818,0.0026877131803018095,0.0027499528880754465,-0.011496593879478767
2024-07-16,0.019925798233449088,0.0003829919740743204,0.005930115520199175,0.014107342166948644
2024-07-17,-0.004643206403117217,-0.02935489378495748,-0.014021128145545458,0.00021234029183303527
2024-07-18,-0.006381186355259194,-0.004732507245661544,-0.007684755082017047,-0.007644140883554029
2024-07-19,-0.017937829186174925,-0.008863606867177798,-0.00664064103061246,-0.005884390148647167
2024-07-22,0.00031573231212611574,0.014897823593120751,0.010310082054099778,-0.0029058339274179446
2024-07-23,0.003516676143213937,-0.0035246653044882503,-0.0015688447064530209,-0.0014029916008727605
2024-07-24,-0.0035043524704835294,-0.035870378542730674,-0.02266242415640396,-0.01080844442060147
2024-07-25,-0.01564473026582147,-0.01102768931153919,-0.0052101936151491834,0.008194930420272417
2024-07-26,0.010534525866662925,0.010256016170391513,0.011199551971502908,0.007803295669833288
2024-07-29,-0.0014050562105476505,0.0020087719082060307,0.0005878019729350648,0.005377042109313779
2024-07-30,0.009985461488319247,-0.013731418568691423,-0.00506655567459402,0.003850642631702428
2024-07-31,0.018110725786084414,0.029593755234049057,0.01625473240430919,0.010228873044409115
2024-08-01,-0.003442943141866439,-0.024221482054645804,-0.014160869859156988,0.008625166072648849
2024-08-02,-0.0019046282784819235,-0.023734894907135873,-0.018618599406991176,0.031161229685845226
2024-08-05,-0.012691935106198704,-0.02981618577038292,-0.029123520363179334,0.005291099763120588
2024-08-06,-0.008000713832612472,0.009555151835478615,0.009219485933714466,-0.02236843774553876
2024-08-07,-0.0006796279952806517,-0.01082989710829485,-0.006684044376339737,-0.007040131526755311
2024-08-08,0.015688013635013043,0.030590938091034747,0.02311748159032767,-0.006151700175297314
2024-08-09,0.0024552612171107047,0.005222375782150346,0.004409456606590423,0.009861372365627341
2024-08-12,0.017144665770273848,0.00215358796450027,0.0005256395828643345,0.0036360883724169124
2024-08-13,-0.001532358906807807,0.02481275081020673,0.016445375091212133,0.006934968474427983
2024-08-14,-0.008155751250824572,0.0003243224144786616,0.0031548955749161056,0.006270709162823795
2024-08-15,0.0031388449312386157,0.025263089147418594,0.017140277998652476,-0.008070194877548786
2024-08-16,0.02238773852658915,0.0012857786549693717,0.002241880427621412,0.0035016206473501565
2024-08-19,-0.0016380226467286318,0.01313612953011023,0.00956143118372177,0.004618061448431687
2024-08-20,0.0036699887797402297,-0.0020987294786143362,-0.0016260605567995912,0.007968014578747074
2024-08-21,-0.0013336178629832496,0.004664170299523596,0.00343645955089511,0.0006080659868465954
2024-08-22,-0.011975011209935604,-0.015854886118082834,-0.007848402853028458,-0.009925934665520275
2024-08-23,0.011553425520716143,0.010845479565178007,0.010625273593212858,0.006547366507967833
2024-08-26,0.0031893380775307456,-0.00970826319914686,-0.00238369696215901,-0.0025411011647874515
2024-08-27,0.002706671669018279,0.0029872286664962555,0.0013730706791585945,-0.0017319591982734028
2024-08-28,-0.007026862307456638,-0.011347362311018738,-0.005805296430382967,-0.0012248210149262695
2024-08-29,0.005177980359189593,-0.0014637976999389846,8.952902139180985e-05,-0.0032703371073226073
2024-08-30,-0.0071260085162319076,0.011919325275470571,0.009546072545585815,-0.010663661513461764
2024-09-03,-0.0043235765879541255,-0.03036095051398424,-0.020579137680261428,0.0163553518363051
2024-09-04,0.000607926500195255,-0.0025985046545246027,-0.00204671790647859,0.012890019020267873
2024-09-05,0.008332306942507639,0.0009336783109326063,-0.00243218058308603,0.005656010198551664
2024-09-06,-0.007402630408956501,-0.026787343464141244,-0.016830317648955262,-0.00010029769761987772
2024-09-09,0.004205876079289794,0.01285965261226707,0.011196370429751079,0.004318755133034147
2024-09-10,0.004404097525005923,0.009241788343518076,0.004355686662705027,0.007001011925527267
2024-09-11,-0.001590555949419148,0.02171536023161913,0.010258963429025103,-0.0007946971440370154
2024-09-12,0.017567284525531468,0.009816160043484068,0.008423235345493163,-0.004671472418667499
2024-09-13,0.009943683944142245,0.004479933583308338,0.00522267149470057,0.002696449518154953
2024-09-16,-8.374817448153493e-05,-0.004417914367365827,0.0014770382037720964,0.00916230301347154
2024-09-17,-0.0055309113549146804,0.0005281441879898541,0.000408622523593305,-0.004835636526239306
2024-09-18,-0.007710465405288858,-0.00432940806847959,-0.0029658249921354907,-0.012395998278996623
2024-09-19,0.01554075728197235,0.025284118374512277,0.017064156245996998,-0.003313424462402792
2024-09-20,0.012710660066880486,-0.0019031721684021896,-0.0017284936532352413,-0.0038284173558947865
2024-09-23,0.0019404068737312041,0.0026505756710046846,0.0024987950515615864,-0.0021238130889489337
2024-09-24,0.01396907347432852,0.004823475313293857,0.002861487494578041,-0.00020276272228458847
2024-09-25,-0.001381767735031958,0.0009273138466305841,-0.002205682811472598,-0.008312255777355504
2024-09-26,0.005086884066794806,0.007512992614857605,0.003964690943036642,0.002351026652148702
2024-09-27,-0.007935830791900744,-0.005556912743207687,-0.0014503990937563271,0.005200829924367545
2024-09-30,-0.007999374253898295,0.0027117374902974056,0.004007416216051274,-0.004768068819321014
2024-10-01,0.010491249392624136,-0.013932320436934487,-0.008958495996637117,0.007220287717937479
2024-10-02,0.00020358719772617384,0.0014129300568268555,0.0004221832658779512,-0.008427657708478198
2024-10-03,-0.0006920058878576718,-0.0007470002104711382,-0.0018281777865668536,-0.009420226342169769
2024-10-04,-0.001996030315693287,0.01189801819270353,0.009087313971913868,-0.012301048979945994
2024-10-07,-0.0033877625757333663,-0.010711546599840638,-0.009040591890144833,-0.007535422978660833
2024-10-08,-0.007371925565205384,0.014934525436446577,0.00945766211928345,0.001687340151157679
2024-10-09,-0.005446185963701722,0.007868451652548458,0.006926700300724287,-0.005685059999692377
2024-10-10,0.007342892553628744,-0.0011356724927096273,-0.0017502521714373165,-0.00391733831606933
2024-10-11,0.010913408354139564,0.0015632547732065127,0.005988017478069985,-0.004038817548731477
2024-10-14,-0.001629502157067031,0.008391486262601333,0.008178456240884868,0.0007468535173840163
2024-10-15,0.003468359323146597,-0.01336679137089647,-0.007769709751462295,0.012157482032758793
2024-10-16,0.005001609209081437,0.0001222112558323385,0.004346629347838027,0.004214400657256867
2024-10-17,0.00598831083503093,0.0006925921929847867,8.557650753715507e-05,-0.015842774008979488
2024-10-18,0.010618185005034864,0.006554730479374493,0.003846655742334004,0.0007459687769404422
2024-10-21,-0.00019900127714245208,0.001921260576119188,-0.0016422800212634314,-0.017470765457850423
2024-10-22,0.01078732362833379,0.0010898174144033934,-0.0005310730001248931,0.0009756993344558484
2024-10-23,-0.012050555849465017,-0.015323786851351717,-0.009137472564623828,-0.002707963834581828
2024-10-24,0.007693259346016168,0.008108898361541828,0.002162910365631987,0.006408299173952914
2024-10-25,0.0020569789010425055,0.0060935059398219416,-0.00034551232929502795,-0.005612168646760951
2024-10-28,3.945407605776552e-05,0.00016158145156852655,0.0030914301936280086,-0.0027130740796272867
2024-10-29,0.010894858433216914,0.009608347320499755,0.0016183796278272933,0.0015236715714361804
2024-10-30,0.005505891218995584,-0.007557533617137735,-0.0030252091843017137,0.002933639432357582
2024-10-31,-0.015495166963743978,-0.025242769642891516,-0.01960308625965801,0.0016250224310843109
2024-11-01,-0.0041023758773532926,0.007398918184909675,0.004220369262593282,-0.014098036981169404
2024-11-04,0.0014259144001700363,-0.0029132167562273548,-0.0021538928400679502,0.015521753819273343
2024-11-05,0.002254447895034817,0.012756900248434455,0.012091924203754711,0.005311750035967844
2024-11-06,-0.030386729020158154,0.027163171851654067,0.02486559313993597,-0.027388435922344634
2024-11-07,0.016076503855530166,0.01574429782438047,0.007732061163874038,0.01252761643853706
2024-11-08,-0.006769426092267161,0.0011685352617072375,0.004331816223316354,0.012701218670842174
2024-11-11,-0.02347155656813127,-0.0005835557429599847,0.0009527815024188424,-0.004865415808535278
2024-11-12,-0.008631355179477884,-0.0018100611062678018,-0.00310644007127725,-0.014993228742638975
2024-11-13,-0.010081225320474285,-0.001286625447422085,0.0004857686989643284,-0.00948614963012162
2024-11-14,-0.0026091417886487944,-0.006949694563313513,-0.006430102827616024,0.005790501119805835
2024-11-15,-0.0017720694429753658,-0.023825985434052344,-0.01280864082508093,-0.002657202061963182
2024-11-18,0.019020246289590537,0.006947690280880048,0.004097410127560819,0.0017763102055992075
2024-11-19,0.008959325127211537,0.006879675819880582,0.0036555804977529416,0.005097400960026421
2024-11-20,0.005632045702723465,-0.0005759338082259591,0.0003387221816493202,-0.003197269143337733
2024-11-21,0.008339500390982302,0.003597131768452,0.005368247246335223,-0.0007742647573627526
2024-11-22,0.012892210445830665,0.0016041139470344135,0.0030996042973512328,0.0005533046926484708
2024-11-25,-0.029458856541118794,0.0015815750434435838,0.0033920001138023625,0.025888047648148893
2024-11-26,0.0019383092584315254,0.005369179981718819,0.005221589170701257,-0.0038823476188152295
2024-11-27,0.002222714763140843,-0.007873356845336521,-0.0030302951740415196,0.0069287320943407504
2024-11-29,0.008624546377060671,0.008786842613974555,0.006212258421129713,0.010321493698178363
2024-12-02,-0.008754403389975018,0.010887913357756629,0.0017922238140926083,0.0024027143707361365
2024-12-03,0.002012776164397767,0.0030663477330361566,0.00046384228165408103,-0.008629108893461801
2024-12-04,0.003033679807253664,0.012362781725980154,0.006209510619023417,0.010745812079471229
2024-12-05,-0.007397709454119217,-0.0027710563441453173,-0.0016457396510601852,0.0020198881973780836
2024-12-06,0.0003705687954560499,0.008949547919473444,0.0018957974675537503,0.0014855502677664223
2024-12-09,0.009919751769426055,-0.007787495086753915,-0.005149673070058869,-0.009217103948183203
2024-12-10,0.01316431251835759,-0.0034075515076488205,-0.0031090940537520373,-0.00470481226644015
2024-12-11,0.009533812345188464,0.017902605133796268,0.007730637008498853,-0.00945445867058392
2024-12-12,-0.014663722649505995,-0.006453842878155869,-0.0051524350916021255,-0.012147302306176444
2024-12-13,-0.012091578404740733,0.0076543115716805055,-0.00019872121660258202,-0.010210879014129537
2024-12-16,0.002415209844427002,0.014400609235112771,0.004270056430311087,0.002995092603196081
2024-12-17,-0.0038386247250202787,-0.004403689211236128,-0.0041200937101640855,0.0024331481577573033
2024-12-18,-0.01918507783771317,-0.03607697690757139,-0.02980346115350485,-0.012504378060662402
2024-12-19,0.0014210967336203417,-0.004453485664023815,-0.00030704650479618234,-0.015141515439446529
2024-12-20,0.010434056495473909,0.008732644222966046,0.012010906155728973,0.0056942150221426235
2024-12-23,-0.004708795377563968,0.009742738366501635,0.00598841886167123,-0.009172223863873064
2024-12-24,0.001992014086009908,0.013559876548146166,0.011114992122683187,0.004228669774656524
2024-12-26,0.006751179863859091,-0.0006794527388755967,6.648854481872135e-05,-0.000569088652383476
2024-12-27,-0.0068705038771271765,-0.01329316851748752,-0.010526584203640499,-0.008198401790993737
2024-12-30,-0.0031896811646235923,-0.013299929998200843,-0.011411586367528481,0.008036730826665117
2024-12-31,0.006233636577161361,-0.00849466129847909,-0.0036380303829519622,-0.005353117631347604
2025-01-02,0.013587714119632333,-0.0019559555189109235,-0.002456912408398071,0.0027480082888891033
2025-01-03,-0.007864039973028869,0.016365116048973283,0.01250340323286947,-0.0031972705718946726
2025-01-06,-0.0012320959587239777,0.011493037160282604,0.005760614778799633,-0.004467689213163872
2025-01-07,0.005633435188264313,-0.017844382007456527,-0.0113040442551956,-0.011277619482188306
2025-01-08,0.005315681488123669,0.00017455738662119913,0.0014609058966514876,0.0012801612481203595
2025-01-10,0.009558310004399662,-0.01568081132285326,-0.015267427998534089,-0.006625680555810143
2025-01-13,-0.009951255605703757,-0.0032138983661547105,0.00155047779484363,-0.0003509093656181017
2025-01-14,0.005249423200524461,-0.0009494173750556056,0.001375843498309326,-0.001638632617182667
2025-01-15,0.007488993695735191,0.023006293402236144,0.018190030783588274,0.01723518259672696
2025-01-16,0.006910965874952435,-0.007005964736154224,-0.0019229971694386672,0.0032274992669938385
2025-01-17,-0.005307269747253374,0.016878406003224322,0.010039795288152353,0.0017230741704208352
2025-01-21,0.01548521901629396,0.005864924993096654,0.009153480443916395,0.008946099662393348
2025-01-22,0.005135652699768123,0.012785913830497986,0.005621538331987974,-0.005229048046775042
2025-01-23,-0.0014148699521492336,0.002126005968596578,0.00545805853915704,-0.0077704316425687425
2025-01-24,0.006218705580030903,-0.0056511647908144,-0.0029193667721001404,0.004491357690916686
2025-01-27,-0.0104048052682425,-0.029114687659237193,-0.014145255556364478,0.011809200210572524
2025-01-28,0.008656417783572623,0.01477986671184417,0.008592315317060173,-0.0006797239183519155
2025-01-29,-0.0038404097330004827,-0.001877882046947943,-0.004482967158625062,-0.0020411175992023356
2025-01-30,0.01514551884715587,0.004262345015831892,0.005367082820435076,0.003749562523040373
2025-01-31,0.0019763991077348386,-0.0014530367586559345,-0.0053218090231170745,-0.006565581524396125
2025-02-03,0.005337271410283728,-0.008003213576513124,-0.006729655863189077,0.008141954078338287
2025-02-04,0.00984841707528572,0.012275361548277353,0.006708369785656254,0.003062645959371224
2025-02-05,0.006209542410714253,0.004537825332942003,0.004054526223509436,0.016510412337795266
2025-02-06,-0.0026502562908058414,0.005219814239318055,0.0034757319339304704,-0.0004450603986477786
2025-02-07,0.0017841598670260694,-0.012613369914354688,-0.009153614464924464,-0.0064551560951006115
2025-02-10,0.016938239196991,0.012105066103745399,0.006791224284519393,-0.0030243805209246855
2025-02-11,-0.0036516022155236305,-0.0023805783841158723,0.0007604384781254581,-0.006404795273881603
2025-02-12,0.0010471549570203464,0.0005870733004280648,-0.003221485072722685,-0.01356994200692796
2025-02-13,0.009862831092105617,0.014385972140796843,0.01055750138825129,0.01662278791857097
2025-02-14,-0.014871773334245608,0.004198247611127304,-4.917697295880874e-05,0.005299890419338649
2025-02-18,0.01656090548123368,0.0022670526555856885,0.0029358976669520143,-0.011777974755711962
2025-02-19,0.000554096378723612,0.000278280244052187,0.00235502035985502,0.001248504864560962
2025-02-20,0.0005168326664386491,-0.004244616074401963,-0.004160446978887733,0.0037411224889154493
2025-02-21,-0.0009225433005247696,-0.02075454184083636,-0.01710400613660845,0.01208485913168933
2025-02-24,0.005429568123388684,-0.011804198419748446,-0.004550509873166075,0.0029016585368348835
2025-02-25,-0.013188334192659745,-0.01259951969387585,-0.004973078990885282,0.017247014776871517
2025-02-26,0.0015263333689308212,0.002415704010644948,0.0005045885696586261,0.005906866183580606
2025-02-27,-0.015239958822878874,-0.02777121693477025,-0.01596180843971251,-0.007068368113719026
2025-02-28,-0.006265820058134697,0.015791458401293923,0.015605702771792185,0.012265745020761054
2025-03-03,0.013180390342641513,-0.021882533504526847,-0.017520080316040132,0.00466709223577233
2025-03-04,0.008697635934455272,-0.0030177572511563833,-0.011836867992038314,-0.012315197342739226
2025-03-05,0.0020813110966888537,0.013036021115280683,0.010747839611165988,-0.007984138628869153
2025-03-06,-0.005081207410422395,-0.027509412797484978,-0.017751263194117906,-0.003307569511673547
2025-03-07,0.0005219558189655249,0.007353556116459936,0.005604886452460267,-0.0032078945451713414
2025-03-10,-0.008755937163287819,-0.038756397894258776,-0.026635406729509925,0.01043152537369929
2025-03-11,0.011727541035094546,-0.0023902921088753137,-0.008313111741900747,-0.00713883815243288
2025-03-12,0.004346793335703092,0.01128077671887806,0.0053067124815113775,-0.005973364448066287
2025-03-13,0.017756144523255468,-0.017990450115811796,-0.013330547411436466,0.008791257481952641
2025-03-14,0.00039975774946587883,0.02417036572455955,0.020655906135268243,-0.0052950845655543866
2025-03-17,0.0054135329342379634,0.0064837982920580295,0.007711226486406764,0.004990742568855344
2025-03-18,0.011671955843306048,-0.01704753477231813,-0.010808379622018083,0.000993083707683029
2025-03-19,0.004107707999658539,0.013381500628190102,0.010890845995021214,0.005181398414513261
2025-03-20,-0.0012805854303336028,-0.003389539667178476,-0.0028916989401738258,0.0006579598466425196
2025-03-21,-0.008049901213267985,0.003296694837295,0.0003297821736047979,-0.005918460365094358
2025-03-24,-0.004452548665506595,0.021944304665106218,0.017908599461789354,-0.010253474481726532
2025-03-25,0.004400365088198743,0.005706524578436234,0.002403713718828193,-0.00011142782303663612
2025-03-26,-0.0008259812019960622,-0.018400548956273854,-0.011938122033753884,-0.006573428938030812
2025-03-27,0.013405732882559862,-0.005698054811375641,-0.0026556270261320902,-0.002915337454748035
2025-03-28,0.007412123023167849,-0.026327821447878152,-0.020138428433983946,0.013834245812675672
2025-03-31,0.014363222998346137,-4.261749171119433e-05,0.006712800625198856,0.009873381470001608
2025-04-01,-0.0019782303576065807,0.008061072224538668,0.0028245533885180585,0.008665358258517442
2025-04-02,0.0020516615880092903,0.007298463725373461,0.006328297594604848,-0.0006556926051931589
2025-04-03,-0.006038278082531101,-0.053533595366014985,-0.04928069145016545,0.004593659998737287
2025-04-04,-0.02339226273628292,-0.06210882892171765,-0.05854310111696115,0.010887559886535891
2025-04-07,-0.02148580630415131,0.002413241582797765,-0.0017811884523963872,-0.030156272983896337
2025-04-08,0.005443793790763651,-0.01800849752587219,-0.01566275431689801,-0.018878405550283195
2025-04-09,0.03699125081478161,0.12003081852824549,0.10501937798947614,0.00588561414454003
2025-04-10,0.0244235794430141,-0.042532271824449186,-0.04381917539064717,-0.02756836976375654
2025-04-11,0.019086664805096243,0.018423114037577237,0.01784277787885369,0.005438793977186052
2025-04-14,-0.005705977012200658,0.006778235627900919,0.009701624027727895,0.007135339315970324
2025-04-15,0.005232379352138938,0.0011146738413072566,-0.0028009069165995104,0.0035423005779069427
2025-04-16,0.0325408102664011,-0.030153509065920403,-0.022228078391931083,0.005579634228606967
2025-04-17,-0.004390692094044635,-0.0001800416286655837,0.0014268350248789474,-0.00883214451354808
2025-04-21,0.03093558529908469,-0.024746736736785846,-0.0238026483352638,-0.017480082484307546
2025-04-22,-0.014195668551963636,0.02625210532426414,0.026017697953237162,0.005581534992076254
2025-04-23,-0.023978630729734163,0.022678150241908,0.015495362918822586,0.00971309413418342
2025-04-24,0.014556277018207942,0.028137166754721887,0.021049146580611966,0.010535881854074614
2025-04-25,-0.010841679678267213,0.011147804077688228,0.007225084062630893,0.007366328102780262
2025-04-28,0.01424210344049559,-0.00031728015291809797,0.0003813852095151393,0.00629983509142229
2025-04-29,-0.009738925467677184,0.0066043680027074725,0.006299389544388578,0.008384669419718715
2025-04-30,-0.007482221012837353,-0.00012608066722430422,0.0003968300935219826,-0.008093051024265385
2025-05-01,-0.02077228754256477,0.013060647089093491,0.007086868861841733,-0.005070474802051805
2025-05-02,0.0017481999132260562,0.014843903108999967,0.014844248983960195,-0.010824441966599485
2025-05-05,0.029867754776654154,-0.005932556033219738,-0.005734215590911473,-0.005585009708744981
2025-05-06,0.02802400275899264,-0.00930174612745227,-0.008358545349501978,0.003324275848417324
2025-05-07,-0.014993060801348546,0.003925933672668913,0.004205638790233612,0.0042268979027915154
2025-05-08,-0.0196942722998793,0.010324975537034042,0.006967762571935099,-0.011149151391911527
2025-05-09,0.007254674259445482,-0.0006554240537044453,-0.0012741118157988396,0.001495672753138333
2025-05-12,-0.028190568373488878,0.04074013539089649,0.03304742941467098,-0.009304916243192185
2025-05-13,0.004258992599597278,0.015240811986542813,0.006603860821533747,-0.004058605390228398
2025-05-14,-0.021037827999516923,0.005993088900442478,0.0012780826440004223,-0.006636397629339319
2025-05-15,0.015963953531585195,0.0010990984315149,0.004884285134641564,0.008790304083458489
2025-05-16,-0.012087047232674286,0.004352310089560163,0.006334043929497213,0.0026724973875438263
2025-05-19,0.012880671121226372,0.0009589205274451729,0.001093923806363195,-0.0028969214074091587
2025-05-20,0.0186222454642182,-0.0033333054969783005,-0.0033622573759429786,-0.0072053134032704635
2025-05-21,0.007378683875855163,-0.013896771091742255,-0.016850775346555102,-0.017090068145424797
2025-05-22,-0.008861493387459118,0.0018712960255318212,0.00039481427694298965,0.005240116626670233
2025-05-23,0.021906288045034472,-0.009260823186937772,-0.006825956680555079,0.0016587536969547845
2025-05-27,-0.016949152542372836,0.02352532805921137,0.02079068471986001,0.013956115532675062
2025-05-28,-0.0022660178699712707,-0.004431982601900364,-0.005785451740996206,-0.004315931474950685
2025-05-29,0.0059247154716217665,0.001965786511609169,0.003947442276660329,0.009254853837816546
2025-05-30,-0.006576942326457891,-0.0015771959850230388,-0.0011185059286688004,0.0015090411308198437
2025-06-02,0.026581051258171673,0.007898200757743723,0.0056330263090189625,-0.00930656500884397
2025-06-03,-0.008855551213511115,0.007816945496833538,0.00570245224869792,-0.0017614265773761018
2025-06-04,0.006441974072654677,0.0027880023678923394,-0.0002683047655557269,0.016233472201364174
2025-06-05,-0.00504987891618125,-0.007527021058102434,-0.004832962982388778,0.0006943335822147123
2025-06-06,-0.013416073696802311,0.009775312763678379,0.010269030973764526,-0.012724008281041588
2025-06-09,0.004718534884218695,0.0014720363493916366,0.0009013320810069558,0.0010546167422156305
2025-06-10,0.000293510988597534,0.0066137905869378955,0.005669717805285801,0.005149748174924529
2025-06-11,0.005412290790508978,-0.003369470735531177,-0.002852077351950366,0.0030273356655323713
2025-06-12,0.0124202002480438,0.0023478179442990577,0.0039742753822695764,0.011957469978213009
2025-06-13,0.013100564311248064,-0.012554685068653648,-0.011180059785133145,-0.009636373651450647
2025-06-16,-0.01425909653729851,0.013909971370287932,0.009514239842613348,-0.010077778652309077
2025-06-17,0.0005131941200071655,-0.009751465081267341,-0.0085450687006845,0.012169423485436814
2025-06-18,-0.005385627565021256,-0.0001700084447198158,-0.00015071307483049967,0.0017344198421138657
2025-06-20,-0.00041901914110908933,-0.0040832177891801935,-0.002348577608368929,-0.001846900506815019
2025-06-23,0.0030631724583116693,0.010282412342111469,0.009877485739587577,0.003237659711327723
2025-06-24,-0.015719378751237634,0.01529196130077004,0.011047186039507384,0.0072603879461154985
2025-06-25,0.003037305817845004,0.002556534974230029,0.0005603844216792719,0.0012587734654652127
2025-06-26,-0.0011070472235482631,0.009350208927673131,0.007823809728070064,0.00502784161994585
2025-06-27,-0.018123728993798327,0.0034238408186857416,0.0049683222933454285,-0.006367275466922728
2025-06-30,0.01198454729743359,0.006476879031195093,0.004781078970297781,0.009840943121548484
2025-07-01,0.008923010663382636,-0.008429251333194498,-0.0003235144354958308,0.002479490593847
2025-07-02,0.005527596405484614,0.00696518528567891,0.004533365492089381,-0.006353469528713851
2025-07-03,-0.006822911403597365,0.009840272609489498,0.007881399459640726,-0.006965002037513934
2025-07-07,0.000748780548875283,-0.007532889615530336,-0.007452168554898053,-0.009543781048627076
2025-07-08,-0.010443411868664265,0.0005613752705360131,-0.0005476359239223738,-0.0012767326098732656
2025-07-09,0.004471282664348264,0.007079042104727762,0.005996656078344209,0.010461395375439109
2025-07-10,0.0022257895319868215,-0.001438160900480101,0.002820258275139098,0.0006901380183550465
2025-07-11,0.009601575193336043,-0.002250445600816109,-0.0035153098751226075,-0.013794535052060186
2025-07-14,-0.0036553174266280575,0.003626960951989,0.0019080849682644452,-0.002098394663886727
2025-07-15,-0.004155705135267751,0.0009167224778718897,-0.004273310957695342,-0.007008261625238599
2025-07-16,0.004988096125243757,0.001023841155902705,0.0033432737161649406,0.0014114502244380045
2025-07-17,-0.0021735334020257513,0.008092992155498191,0.006119637877514572,-0.00023478421668299276
2025-07-18,0.002600924347578637,-0.0009613102639247639,-0.0007323346017438226,0.0015273059788625254
2025-07-21,0.015370115792427752,0.005184771900194951,0.001896143492131186,0.00891585161016728
2025-07-22,0.009484882235462067,-0.0051758566122592775,0.0001431954391026835,0.006046656641725878
2025-07-23,-0.01240118112003663,0.004561247383473077,0.008507378219608341,-0.005547918129852669
2025-07-24,-0.006118276977772341,0.002128533024350787,0.0003311269877350753,-0.0017432856729969748
2025-07-25,-0.0092499926477293,0.002406989267270232,0.004224338152491125,0.006287293567568852
2025-07-28,-0.00647361832754334,0.003125199988001981,-0.0002510690047468067,-0.006479356272689252
2025-07-29,0.002750389076383808,-0.0015490420227574075,-0.0026375648019045794,0.01688602618157531
2025-07-30,-0.017273497289540862,0.0013399730145824407,-0.0012594666428340506,-0.005153469266969135
2025-07-31,0.0066454015709211944,-0.00529916645018691,-0.003751164153554032,0.0005756664496039399
2025-08-01,0.020299689958884537,-0.019698778454303678,-0.016390515253635662,0.014216422990914523
2025-08-04,0.005823229257701401,0.018451438855692004,0.015199964187266879,0.0027329314223545342
2025-08-05,0.0008040912066364925,-0.006789365501786548,-0.005070023621000952,0.003066100008285666
2025-08-06,-0.00212110700071233,0.01258315667750276,0.007659758716372034,-0.0057738795806485665
2025-08-07,0.008437987494967825,0.0033842791337344025,-0.0008376363499652539,-0.0017081049392404513
2025-08-08,-0.00022357985855403495,0.009328222932698305,0.007797456463786601,-0.004334530050737917
2025-08-11,-0.014374701087597641,-0.002958805683887178,-0.0019774044951013092,0.001145834403806445
2025-08-12,-0.0009074665058316222,0.01256869481878442,0.010645980769615315,-0.005035057889693162
2025-08-13,0.0030492830145867345,0.0005000006872497575,0.0034232284065640606,0.008280645878588011
2025-08-14,-0.006338706734070332,-0.0007752531091496095,9.29178689290655e-05,-0.007413995947763485
2025-08-15,0.0005858183101099534,-0.004397496451755467,-0.002341293610408912,-0.007124869994201477
2025-08-18,-0.0015612675411803556,-0.00039856381057601364,-0.00021752076014103228,-0.002893629833597089
2025-08-19,-0.005473279447945512,-0.013567305926601048,-0.005425292366708079,0.005804054452313023
2025-08-20,0.010122175284489776,-0.005937378768955726,-0.0026569846084518733,0.0021924067799619085
2025-08-21,-0.0034698951143765644,-0.004629757069970708,-0.004011713095880665,-0.004951476252125553
2025-08-22,0.01070642694476942,0.015427327600079588,0.015356734450693521,0.007406613026158748
2025-08-25,-0.0024148368614391735,-0.002884764158413655,-0.0044010200352035955,-0.0028720231454795186
2025-08-26,0.007262047243691283,0.004015340881901697,0.004186968758527643,-0.0005759668113196614
2025-08-27,0.0020187288833615202,0.001536842612600342,0.002278548405594716,-0.001152597480534867
2025-08-28,0.007419038046796889,0.006259956128868982,0.003541324132844581,0.0065781446650172715
2025-08-29,0.00964990177666114,-0.011575460321687658,-0.005963639392962183,-0.007108624151746179
2025-09-02,0.023642559312442524,-0.008380282606327838,-0.007410251972675752,-0.00744150798629617
2025-09-03,0.007831992196408066,0.007867545064627945,0.005419545640653167,0.010977452660725362
2025-09-04,-0.004418882618094533,0.009051496036850626,0.00835741674721624,0.007623821545966525
2025-09-05,0.01334594055214322,0.0014428435949227492,-0.002896288899897903,0.015247163852815326
2025-09-08,0.011388067271604019,0.0048780316425294235,0.0024566730815143156,0.013324095442785788
2025-09-09,-0.002269905468609168,0.002833109098061337,0.002311789288386157,-0.005682886133690279
2025-09-10,0.0035922056391106683,0.0003273999185251508,0.002890805295761023,0.0057153659073541085
2025-09-11,-0.0014913797811720864,0.005820509438208665,0.008310290457562264,0.006685988977427337
2025-09-12,0.0019715725978484144,0.0044170862602861405,-0.00033472424849623206,-0.0043168790793389755
2025-09-15,0.01040483601055886,0.008556972855075173,0.0053240571686796745,0.002334872026003021
2025-09-16,0.0020064107533963593,-0.0008450788899231343,-0.0013768848246955567,0.002107215693805564
2025-09-17,-0.007715171664187115,-0.001995960980000211,-0.001242457061691904,-0.0025457550613958713
2025-09-18,-0.0040063094596702875,0.009017042945036469,0.004672405917850231,-0.010319680976852097
2025-09-19,0.010607227252210416,0.006769360541128533,0.004952962095531754,-0.0019060363274099323
2025-09-22,0.01730643093326134,0.005919971004891833,0.004730956629250382,-0.0035948270414672967
2025-09-23,0.004086375052867464,-0.00664236348431424,-0.005443378865093829,0.006990077502811554
2025-09-24,-0.009063049726670935,-0.0035105131579472593,-0.003181757023221321,-0.003806613357583366
2025-09-25,0.004165188877066628,-0.004311291858417277,-0.004613374905433676,0.0
2025-09-26,0.00577227044053652,0.004110845231269922,0.0057290340826092745,-0.0008990434951969828
2025-09-29,0.016496514338703028,0.004631181431281384,0.0028104467833012237,0.008211400896046994
2025-09-30,0.008540004081594166,0.002739134291552814,0.003766834755358328,-0.002900924357509438
2025-10-01,0.0015753722020723782,0.004797022405524931,0.0034075722246513784,0.0025826890374724965
2025-10-02,-0.003482825151325697,0.004111121841221976,0.0011517326256851312,0.002912021266544551
2025-10-03,0.008032937892485048,-0.004209781352692232,-1.4805406382656372e-05,-0.0018986254921038448
2025-10-06,0.01884573861512795,0.007510154587375251,0.003586271966467658,-0.007943528030264324
2025-10-07,0.005159462258136571,-0.005265569704058781,-0.0037075138893177817,0.005751598727438578
2025-10-08,0.01649095687844504,0.011463738189771755,0.005963055269571305,0.0007851408483479094
2025-10-09,-0.018452848086064955,-0.0012102542195092658,-0.002896974724933221,-0.0007845248858135978
2025-10-10,0.010097700011942212,-0.0347142937102668,-0.027027862178845674,0.01614736753133217
2025-10-13,0.02430104394061705,0.021221385738261933,0.015344118135168339,-0.0005518153663864878
2025-10-14,0.007141189222626965,-0.006660944590322959,-0.0012216462876413203,0.003201839686079122
2025-10-15,0.017332403569977117,0.007056768737883523,0.004439529909605389,-0.002201256485673153
2025-10-16,0.02338727694573084,-0.0037029302513930107,-0.006810134562330372,0.007500555167902823
2025-10-17,-0.01881705572696646,0.006566773461732511,0.005676205164253156,-0.0015327125355724114
2025-10-20,0.03640197438905224,0.012600750316114295,0.010400500262923273,0.003837881336056892
2025-10-21,-0.06426889260666147,-0.00026164463889932765,-1.494287878323064e-05,0.004915280587186377
2025-10-22,0.00010605594835544352,-0.009633888201207252,-0.005198916065879078,0.0006521766937321871
2025-10-23,0.004002358382396931,0.008406510401807177,0.005929962705964353,-0.00684339218329888
2025-10-24,-0.0033528327110016187,0.010678179204553828,0.008172554694480416,0.0004375240296876637
2025-10-27,-0.027839530498784404,0.01780932240951727,0.011797664492784632,0.0033890458028404957
2025-10-28,-0.007166030388359279,0.007689812405443863,0.002656016019079832,0.002614873408263163
2025-10-29,-0.0037872684129753864,0.0045029912347254175,0.0004803706386860007,-0.010106456425551968
2025-10-30,0.01964188672951095,-0.015288557761366617,-0.010998187142508109,-0.005818417470056847
2025-10-31,-0.005430550723012573,0.004823934700558308,0.0032802220875831622,-0.0029812860752735926
2025-11-03,0.0017929035935666526,0.004784903321815692,0.0018767398754619968,-0.002501095291457589
2025-11-04,-0.017517195825319742,-0.02029809145102246,-0.01185354736001909,0.0022287407530874326
2025-11-05,0.011564369498527016,0.006507850334973142,0.003465476340313245,-0.010896147721658145
2025-11-06,-0.0012005195756799036,-0.0186273637779365,-0.010729453719183435,0.008992772278365146
2025-11-07,0.006119021470095687,-0.003155192402140461,0.000984565078659072,-0.002116765636478557
2025-11-10,0.02734111859838051,0.02212410496158035,0.01560437034633999,-0.0002233412972564297
2025-11-11,0.003937814406542062,-0.00266349827862411,0.002289177027853917,0.0045785019643385105
2025-11-12,0.016110762091908537,-0.0007883320159972618,0.0005563903663643455,0.0017785440914686035
2025-11-13,-0.008083098515826892,-0.020415947108225807,-0.016593996414786205,-0.008211261409682313
2025-11-14,-0.018047911171504505,0.0007558588119775944,-0.0001635496688257021,-0.005705935823734021
2025-11-17,-0.011463979297139493,-0.008540478281271802,-0.009316620573407763,0.0024753920603985957
2025-11-18,0.007264932736103624,-0.012175714936622062,-0.008397461670685558,-0.0003366835690237213
2025-11-19,0.0016294519610446923,0.005970073510543017,0.0038631766432766224,-0.00202113761225009
2025-11-20,-0.0002933255655774847,-0.023671787217586227,-0.015242227316648038,0.003937879608224781
2025-11-21,-0.0015473311468576778,0.00751273835218047,0.009961138168965045,0.003025752995453823
2025-11-24,0.01584423909859023,0.025573261083649657,0.014718606876234608,0.005698640730427362
2025-11-25,-0.00031569077041548876,0.006163769755954451,0.009405836039293458,0.0025552091984011316
2025-11-26,0.007998338908444147,0.008835636476900666,0.006903582418005261,0.004432519895505971
2025-11-28,0.012424331348639184,0.008107246699400328,0.0054584342293309,-0.004743972836441901
2025-12-01,0.004821066034977672,-0.0033590309023721066,-0.004565470301164498,-0.012448679769843651
2025-12-02,-0.006440050713598433,0.007826073319548543,0.0018522768711999316,0.00045043831249524935
2025-12-03,-0.0009296182229129313,0.002443824006459039,0.003462749080359595,0.0028150164075952944
2025-12-04,0.0006461951944911615,-0.0009302875756749263,0.000731139787988333,-0.005389432599117727
2025-12-05,-0.0017823532991587676,0.0040775470483929155,0.001899394752821859,-0.004628655885957622
2025-12-08,-0.002639449868615862,-0.0019186002268825053,-0.0030042091058060105,-0.003289221567609135
2025-12-09,0.005137202012788666,0.0012334438133960735,-0.0008631180942337835,0.0010241770830115016
2025-12-10,0.004259147967166088,0.004095633783892216,0.006632235252757246,0.003864935456529217
2025-12-11,0.010769830543307712,-0.003234348809736831,0.0023269460314641055,-0.0013586221686767708
2025-12-12,0.005594579039939429,-0.01911840365084827,-0.010752075575282682,-0.009638501369825025
2025-12-15,0.0009103412637567754,-0.005019386618356658,-0.0015108085502177904,0.0006871266878305526
2025-12-16,0.00022745542760316262,0.001981802971139146,-0.002732285145230273,0.005491793742679052
2025-12-17,0.008588228474273762,-0.018537047358446523,-0.011003593983400228,-0.0009100901699841124
2025-12-18,-0.0018032036998043566,0.014490198509077512,0.00755126270975226,0.004783427187111888
2025-12-19,0.0011289903434381632,0.013035360962284415,0.009063506223587092,-0.0037325503428073947
2025-12-22,0.02308160549906857,0.004793529762324944,0.006229803850433591,-0.0021701714023127927
2025-12-23,0.013252341857567629,0.004683320360612031,0.004570492347330646,0.001602745722613319
2025-12-24,-0.004134082564786756,0.002925563588204838,0.003517674396244841,0.006057051464446461
2025-12-26,0.011676735474757116,-6.402972705099597e-05,-0.00010140966545213459,-0.0032943663459011896
2025-12-29,-0.0435283019531133,-0.004840682759455928,-0.0035636535074947684,0.003761186313924414
2025-12-30,0.0007275678386380324,-0.002319387022803987,-0.0012212136133650242,-0.002384513599853033
2025-12-31,-0.006467991163222386,-0.008265617813153048,-0.0074088529688375315,-0.007967138306742783
