Date,Conservative,Balanced,Growth
2019-01-03,-0.0031800324193174403,-0.009997092652127768,-0.024742355014425302
2019-01-04,0.007150962111586383,0.015816191143127187,0.0336330503926695
2019-01-07,0.00266623846567042,0.004192200955302379,0.00881187610952112
2019-01-08,0.0021650828076403006,0.0045778124572428795,0.00801796849553278
2019-01-09,0.00252719328138634,0.00297650771488906,0.00578751964518504
2019-01-10,-0.0023397791118116604,-0.0004022120111338898,0.00219796132189764
2019-01-11,0.0020606984921961004,0.0015749953975165599,-0.0012844087349924399
2019-01-14,-0.0034525230806060807,-0.004538636406219689,-0.007230764812238349
2019-01-15,0.00277951158766754,0.00560882033042125,0.013982156327982581
2019-01-16,0.0020076830594136404,0.0020717322390031104,0.0009755245985748901
2019-01-17,0.0028728383445147006,0.0044960570348465,0.007001795854851201
2019-01-18,0.0014421878120044202,0.0055210400040240195,0.009750052413454361
2019-01-22,-0.0019836662745259396,-0.005718626922153899,-0.01474169866425638
2019-01-23,0.00039087729307516,0.0009908954652892,0.0014437267256164198
2019-01-24,0.00252560590266514,0.0021319487550486398,0.00410688959174912
2019-01-25,0.00439232119784464,0.00510178403197253,0.00887979196966391
2019-01-28,-0.0027384894186963005,-0.00450892741523567,-0.00931576334702667
2019-01-29,0.0026149893589828203,0.0012833531131226,-0.00474498452526081
2019-01-30,0.00718017064753688,0.00984799675462862,0.018976941528776332
2019-01-31,0.00704923791336066,0.00789763695990604,0.01185738183061226
2019-02-01,-0.0026239490940083605,-0.0017232706652552002,-0.00252252053337577
2019-02-04,0.00016091810242894013,0.0024481484642315796,0.00857852364506736
2019-02-05,0.0040199322153752,0.00414341376713532,0.00655749229798787
2019-02-06,-0.00168064932993246,-0.0013180055366322102,-0.0019687692881865796
2019-02-07,-0.0006831260593006001,-0.0034936950087294492,-0.009866799899854001
2019-02-08,0.0029556382861593406,0.00239325325080862,0.0018962725616881503
2019-02-11,-0.0023294358675498405,-0.00133511130079643,-0.0006449671892052101
2019-02-12,0.00454683435525238,0.007162781986240738,0.012282449614495951
2019-02-13,-0.0010060224613507602,0.00041745443393175,0.00127143788477708
2019-02-14,0.00251039612692162,0.0009376103795921702,0.00029648658818561
2019-02-15,0.006175893086541741,0.00760280250363671,0.006617517555194541
2019-02-19,0.00475358202615882,0.00332318774766933,0.00193502405810582
2019-02-20,-0.0006859875001442201,0.00017694641438318975,0.00043302099001124995
2019-02-21,-0.007258916107039021,-0.0059456172389431095,-0.0041450728798098
2019-02-22,0.00558267300761624,0.00586702282606604,0.00677571661419567
2019-02-25,-0.0008472794558345002,-0.00017540492812735995,0.0020702864920198903
2019-02-26,0.00202890281870722,0.0012233161677045,0.00072752788124169
2019-02-27,-0.0061208730347564405,-0.00436505069221873,-0.0016212950792671601
2019-02-28,-0.00322959004208074,-0.00270028635270944,-0.00223761650524277
2019-03-01,-0.0046031305731599,-0.0007282881267627701,0.00503768156720688
2019-03-04,0.0011548852691849805,-9.393076558766975e-05,-0.00058541425002111
2019-03-05,0.0005554866560899799,-5.713572129631005e-05,3.789780424429991e-05
2019-03-06,-0.0011349624059757604,-0.0026231297802515596,-0.00489157692229168
2019-03-07,-0.00091675305406238,-0.003156113906389419,-0.00883393678003353
2019-03-08,0.00307441006762084,0.0011586622192673,-0.00113682035922657
2019-03-11,0.00363903528869704,0.00732375985678152,0.0159031199675698
2019-03-12,0.0055243425659177,0.004972030170630499,0.004956983235532
2019-03-13,0.003292402619988,0.00410528037288049,0.00621575209452409
2019-03-14,-0.0054546983082793205,-0.00370560935966854,-0.00182553481531488
2019-03-15,0.00553710144447566,0.00540630494663741,0.00727811370348913
2019-03-18,0.0013341304888728602,0.00205982903878724,0.0025835394185851103
2019-03-19,-0.00023566523094650002,-0.00024047830860552988,0.00155848315726822
2019-03-20,0.00427698668937452,0.0019806275459154097,0.00182478000322835
2019-03-21,0.0045926908461105,0.00703415852928533,0.01255392240059988
2019-03-22,-0.0010155687390097593,-0.006652805102459899,-0.01712725336883062
2019-03-25,0.0018727803201165202,0.0007959150198287701,-0.0010925519174446899
2019-03-26,0.0017008353747712199,0.00375993627767078,0.00523817429375967
2019-03-27,0.0005435491078745803,-0.0008995883941693599,-0.004382833079946549
2019-03-28,8.109377889598023e-05,0.0019056251912348398,0.0030175120559007
2019-03-29,0.0023234336041082,0.00358904815677081,0.00621270686169456
2019-04-01,-0.0017246028255816794,0.00246108023972174,0.00994715980808703
2019-04-02,0.00167605940207938,0.00121880876653581,0.00227587192644832
2019-04-03,-0.0031326658796994203,-0.00180364698601207,0.00263570982237169
2019-04-04,0.00270392142400238,0.00269673738900684,0.00115437943379455
2019-04-05,0.0022395960968934403,0.00318492920025771,0.00465082236084294
2019-04-08,-0.00024500666629765993,-0.0001723031596701399,0.0012227668292432402
2019-04-09,0.00025725681705816004,-0.0016057026222934898,-0.0034899112494816203
2019-04-10,0.00294928351402616,0.00308107706224675,0.00428972590445542
2019-04-11,-0.0050186725827105,-0.0032077883763526605,-0.0018846550262886599
2019-04-12,-0.0003392895953496797,0.0018245973644589301,0.00415610751427457
2019-04-15,0.0003713062480325,0.00017640051906515003,7.135405156200004e-05
2019-04-16,-0.004035192280229321,-0.00238160179190512,0.0013577290603038897
2019-04-17,-0.00119701605017172,-0.0015365746358475098,0.00080448930327935
2019-04-18,0.00303129306690796,0.0028268542908816,0.0019526210658374202
2019-04-22,-0.00157547208738616,-0.0009229898270357398,0.0012788147986856403
2019-04-23,0.004031578668812621,0.0058250028625296095,0.01016824361739955
2019-04-24,0.0029585419049259006,0.00140751365334615,-0.0016481196757073
2019-04-25,-0.0006631339140731599,-0.00072375533616138,0.00163709321331595
2019-04-26,0.004551477741635,0.00447893780270556,0.00264953134321701
2019-04-29,-0.00281514383050174,-0.0014185186082193502,0.00095953261260732
2019-04-30,0.0028648674513632997,0.00214852107418888,-0.0031579340309097702
2019-05-01,-0.0026765776250347604,-0.00393226888038543,-0.0042030893145105
2019-05-02,-0.00353238344922002,-0.0031059431076084203,-0.0035098463321987104
2019-05-03,0.006234063252914521,0.007315799688770169,0.012172758758447462
2019-05-06,-0.00028079005480308,-0.0015114086845246896,-0.00443195247023295
2019-05-07,-0.00295316778353572,-0.007390301094539399,-0.015653691991982438
2019-05-08,-0.0027792824818733803,-0.00237744126017135,-0.0022496135411577602
2019-05-09,0.00090882385882178,-0.00034609993302827,-0.0034920037819953097
2019-05-10,0.0018448147428769,0.00279579060586028,0.0024957331104828303
2019-05-13,-0.00486769478674088,-0.011700500352991411,-0.02661810111963982
2019-05-14,0.00209803172567296,0.004372361290985379,0.008811266650701451
2019-05-15,0.00468558471048634,0.00529991642073977,0.010019210929372701
2019-05-16,0.0009345132555439995,0.00383876217897772,0.00839638139850142
2019-05-17,-0.00311056827677734,-0.00391855073451716,-0.00747331690950119
2019-05-20,-0.003486817364088282,-0.004594534031873111,-0.011292015327608821
2019-05-21,0.0025058366598912606,0.00470007810807314,0.00867101483919806
2019-05-22,0.0008663394701934601,-0.00022180690930071015,-0.00288234792605114
2019-05-23,0.0011583440428354391,-0.00318354804173393,-0.01141382839522115
2019-05-24,0.0014664624127321802,0.00172664814142086,0.00074091095979602
2019-05-28,-0.0016151238329452193,-0.0038077155802567894,-0.00488055676719693
2019-05-29,-0.0014059500942326202,-0.0030842481615734395,-0.00649403320429073
2019-05-30,0.0058888876006056206,0.004896844773634,0.00405429146043259
2019-05-31,0.00231274994568306,-0.0029818353684381792,-0.01211477175836606
2019-06-03,0.004545036958862741,0.0019242274525024903,-0.011357159344373282
2019-06-04,0.0041863154815676,0.00963578640068322,0.021620989778186567
2019-06-05,0.00171519418936788,0.0037571730312883607,0.00661575647294412
2019-06-06,0.0045451042009204395,0.0051960847283745405,0.00689606196425712
2019-06-07,0.008591638614659421,0.00916397616461076,0.0145239163580405
2019-06-10,-0.003920173643528301,-0.0010658384030735205,0.006721825312808429
2019-06-11,-9.089007719761998e-05,-8.089143402773e-05,0.00064719380515013
2019-06-12,0.0006385279726155,-0.00031029813195359993,-0.003519618884329
2019-06-13,0.00425200284002492,0.004120912682649179,0.00495649259239122
2019-06-14,0.00050131141265554,6.0220246143809974e-05,-0.00231670275828331
2019-06-17,0.00072527482679082,0.0006894781192372098,0.00333823330416405
2019-06-18,0.007205352008846141,0.00829244501028495,0.011955522932883432
2019-06-19,0.00268848119717144,0.00239061206265669,0.0029239943683148197
2019-06-20,0.00991349652726654,0.00904251520799974,0.00873536459648892
2019-06-21,-0.00364895830405074,-0.00350457282972805,-0.00242140531274758
2019-06-24,0.0054632942196785805,0.00298771976481991,0.0002719766570704593
2019-06-25,-0.00229649936218548,-0.0047619324029481895,-0.01219683347515665
2019-06-26,-0.00479192917126046,-0.0034348612758932397,0.00128647213077314
2019-06-27,0.00404167364378434,0.00414391658508671,0.00403369699155344
2019-06-28,0.00232954187262242,0.0031555034639501496,0.00263436948311114
2019-07-01,-0.0011782292426018395,0.00280822446494511,0.010144515975073631
2019-07-02,0.008399143878987679,0.00601266900646952,0.00379461006623418
2019-07-03,0.00637955664850176,0.007100839595865249,0.007673983437010219
2019-07-05,-0.00799043551564604,-0.005776741283879071,-0.0028000752943519005
2019-07-08,-0.00294070186786094,-0.0035322936438167097,-0.00556897894372029
2019-07-09,0.00104837973648784,0.00098510298999512,0.0029645878152848
2019-07-10,0.0028659414048303406,0.0027933715311472904,0.0063431772717883195
2019-07-11,-0.00609115766113736,-0.003442867139338659,-0.0007606621739395798
2019-07-12,0.00350317200066062,0.0036578296126234602,0.00479040856933935
2019-07-15,0.00243691590377144,0.0019273833192644098,0.00231078589920964
2019-07-16,-0.004174067391557821,-0.00367509384612313,-0.00416339714007182
2019-07-17,0.00489062030262504,0.0008033793374236898,-0.004101138838808181
2019-07-18,0.004318053210889305,0.003630893880745204,0.002044284089150001
2019-07-19,-0.00610676543941808,-0.00551018278235307,-0.00612076864351478
2019-07-22,0.0017120557926668001,0.00202830503252178,0.0051511597591509806
2019-07-23,-0.0004533057166678804,0.0020877015539926794,0.005586592411309719
2019-07-24,0.00463463140834038,0.004631511212813909,0.00582298083951532
2019-07-25,-0.00523701292027554,-0.00500739016225137,-0.0071286363213078005
2019-07-26,0.00395528994144626,0.00489399786061612,0.00806373691030034
2019-07-29,0.00072502286779536,-0.00033561512598784,-0.00241355347802857
2019-07-30,0.0006605006203524402,-0.0004082021747733,-0.00289647698042697
2019-07-31,-0.003782422853095241,-0.005463236289321851,-0.01048707812790093
2019-08-01,0.009265264826957359,0.0031353746547039987,-0.00398280478776653
2019-08-02,-7.749747303938039e-05,-0.0021263132219270005,-0.009450246535101861
2019-08-05,-0.0023179062335212993,-0.011459531016653928,-0.02796818375770013
2019-08-06,0.010432307148026761,0.01162474221872439,0.013408058986959312
2019-08-07,0.00341699240437678,0.00198044465208546,0.00297304950098917
2019-08-08,0.00971204454973728,0.01291838657862064,0.018944300879068548
2019-08-09,-0.00418584039192262,-0.00501700081851527,-0.0076249146560867604
2019-08-12,0.00540993880108754,-7.948419184004916e-05,-0.00852206049717687
2019-08-13,0.00365814413168024,0.00770705013071596,0.01683534399725244
2019-08-14,-0.001446846527128799,-0.01029752463534457,-0.02451645821439677
2019-08-15,0.0068354186731352596,0.00558640425384354,0.00159410200078946
2019-08-16,0.00141739388922384,0.0058096156661918506,0.01312626773879153
2019-08-19,-0.00324117013092314,0.0017682718969354197,0.011341020066440291
2019-08-20,0.0026317116982931205,-0.0007147769361834792,-0.005904638952789389
2019-08-21,-4.4753990448960176e-05,0.002565286675905299,0.00702680102043753
2019-08-22,-0.00328721159687106,-0.0024307314201942897,-0.00240401686345086
2019-08-23,0.0002169819607500999,-0.008522967962698759,-0.024454182404354857
2019-08-26,0.0028340542131311203,0.005436080712600789,0.01157100906108593
2019-08-27,0.00650857715163152,0.00322588560335606,-0.0010833950139442
2019-08-28,0.0027679076781226405,0.0043291935758209,0.00473453532606073
2019-08-29,0.0021606472771381596,0.005810586554059709,0.01237506302474013
2019-08-30,-0.00058256370983236,-0.00044188492963521,-0.00134781088575358
2019-09-03,0.0009606092019905199,-0.0017293794881716596,-0.00706392360381257
2019-09-04,0.0063865258547667406,0.00788283727664231,0.011907453622615739
2019-09-05,-0.006901953703304381,-0.00011985027653039007,0.01249066784881745
2019-09-06,0.0014500140760226603,0.0017453590560924197,0.0005250301044852402
2019-09-09,-0.007651569785025821,-0.005400899509080181,-0.0026189556925215202
2019-09-10,-0.00881652506528704,-0.00625495303074096,-0.00328520880509319
2019-09-11,0.00334639410588698,0.00433993950318659,0.007361574015161101
2019-09-12,-0.0008234951693262803,0.0003187168897411499,0.00280911608544609
2019-09-13,-0.01046500393678498,-0.00763389799677485,-0.00418692379698001
2019-09-16,0.0055314082568899,0.00280443742334161,-0.00219452042296299
2019-09-17,0.0035787666840699805,0.00334466224543552,0.00395520642643638
2019-09-18,0.0006797085383816802,0.00100348077136422,0.0004559035040764301
2019-09-19,0.001986768620809495,0.001267632305514272,0.0011052786285282246
2019-09-20,0.005758296539506281,0.0023100972767775008,-0.00585838495636494
2019-09-23,0.0009408858872086599,0.00035552876362307995,0.00010569685544244999
2019-09-24,0.00274056584630756,-0.0005629090273566508,-0.00857366157931848
2019-09-25,-0.0071940102551210205,-0.0026938257601384396,0.006515703271607021
2019-09-26,0.0016831324581654005,0.0006514947943399901,-0.0020312453534943598
2019-09-27,-0.0022013968422857004,-0.0030098878235697802,-0.00811371443626368
2019-09-30,-0.0002690275410242599,0.00196583421769844,0.00685888212833827
2019-10-01,-0.0024592019421521994,-0.005686478636787339,-0.008534932812337638
2019-10-02,-0.0037538477569902203,-0.00869842331782007,-0.01541883762775876
2019-10-03,0.00783211109859792,0.008105401235591489,0.00967724339812783
2019-10-04,0.00836610994906976,0.01033423572017133,0.0135137500178329
2019-10-07,-0.00674655465230746,-0.00592795290986157,-0.00406396487036619
2019-10-08,-0.00338375697830926,-0.007632360806584429,-0.013431002080886502
2019-10-09,0.0017223161912891798,0.00409479775983134,0.00811440753774
2019-10-10,-0.00499846681014734,-0.0012833848243028701,0.00508812924132465
2019-10-11,-0.0019116286670695004,0.0019534488953912893,0.009348587902798642
2019-10-14,0.00325942848967398,0.00191045252484671,0.00022862224861147
2019-10-15,-0.0022692126689421604,0.0016167497220215298,0.009109509653210258
2019-10-16,0.0009901549422162998,-2.5634633243150047e-05,-0.0017609681588029
2019-10-17,0.0004926656499093001,0.0011829028196247797,0.0022575906436871802
2019-10-18,-0.0019641927934687803,-0.0027329417812944298,-0.00655573896492834
2019-10-21,-0.0012516205716844404,0.0013335016242308792,0.0063934621051074
2019-10-22,0.00161883690196528,8.751513505981005e-05,-0.004703461309019781
2019-10-23,0.0020365032710438,0.00228251401475684,0.00222858145562154
2019-10-24,0.00127370295240708,0.00108970965723802,0.005317070058552181
2019-10-25,0.0001504668574589802,0.00122472715629952,0.00514251313559953
2019-10-28,-0.0031038586914302405,-0.00020688753480273996,0.00627747739788133
2019-10-29,-0.00041122864811332015,-0.00025888949406511005,-0.00392522843143405
2019-10-30,0.00817857740956188,0.006779677646342739,0.0051134503506331
2019-10-31,0.00633060994325598,0.0034490003924650997,0.00051206386138306
2019-11-01,0.0026566515963934202,0.004726024937917239,0.00793900379365803
2019-11-04,-0.0042323240958621,-0.0018250694084173502,0.0033835824964249
2019-11-05,-0.00817731518935696,-0.005655844776041381,-0.0012924347324462
2019-11-06,0.0033699296774983203,0.00238137897791933,-0.00042738141445857977
2019-11-07,-0.008944841074664341,-0.004877602575524,0.0012719431526968196
2019-11-08,-0.00196924989436698,-0.0004187961363355799,0.0025614588723914603
2019-11-11,-0.00097761233898606,-0.0011860948479285199,-0.0013681165619829402
2019-11-12,0.00321996464221428,0.0029123421676394297,0.00274545499216304
2019-11-13,0.0035255974939214603,0.0025412395706575597,0.00090246105597998
2019-11-14,0.00555490001292206,0.00439274619560037,0.00121846682111849
2019-11-15,0.0019539971696052004,0.0037627038229945597,0.006459450189207761
2019-11-18,0.0016141375555533402,0.00128348209451987,0.0008707002929977001
2019-11-19,0.00331895993799386,0.00237746875128937,0.0014565036672668898
2019-11-20,0.0027525345703804205,0.00092350476272873,-0.0034521815488095797
2019-11-21,-0.0042423485371178606,-0.00339044282024549,-0.00238227912190801
2019-11-22,0.0010280067051478203,0.00153238131413756,0.00134052755978825
2019-11-25,0.00331375672158262,0.00504985051693064,0.009313858989747329
2019-11-26,0.0042070600790801,0.0035942661462180395,0.0024457260741300897
2019-11-27,-0.0004389460687493198,0.0012730399669099697,0.00498684650507953
2019-11-29,-0.0010956918503398198,-0.0022446421155460096,-0.003977893707632201
2019-12-02,-0.008832323002349521,-0.009147157910828891,-0.00985044174369788
2019-12-03,0.007620331955057582,0.0032242907180156303,-0.0045021135986155585
2019-12-04,-0.0017994664273369603,0.0005696672341993105,0.00400144864846869
2019-12-05,-0.00111116871580702,-0.00032276315183415007,0.00122089588274681
2019-12-06,-0.0005457826631276807,0.0028273023763110096,0.0084495833420046
2019-12-09,-0.00044860885621540004,-0.00126519501908106,-0.0033093451175068103
2019-12-10,0.00014992931148577503,-0.0003637506518048837,-0.0008551253586176712
2019-12-11,0.005656932091979381,0.004750013814228489,0.00456991685293825
2019-12-12,-0.0038408898172731408,-0.0001184973232680509,0.00553389059033697
2019-12-13,0.00576204602019908,0.0042771597273581,0.00304255823501236
2019-12-16,-0.00086200932776236,0.0014181953315693294,0.00686881799494206
2019-12-17,-0.0005069914839557399,-0.00030371474117461,0.00023648062059411005
2019-12-18,-0.0032455864907810607,-0.002418966082734625,-0.0004142016063399946
2019-12-19,0.0027972778624030803,0.00319797475543774,0.0049250533687117
2019-12-20,0.0024825166368737405,0.00312710422001468,0.00390156697405561
2019-12-23,0.00064194705057618,0.00078557831021914,0.00178527804279635
2019-12-24,0.0030419316686260884,0.0018191983185140122,0.0005578697254382682
2019-12-26,0.004665504688043861,0.00470323733384935,0.00678251345933347
2019-12-27,0.0002680337403563,0.00014431423971382002,-0.00041060182892452995
2019-12-30,-0.00324011036801016,-0.00418946457711324,-0.00584635145701881
2019-12-31,-0.0025670687499475403,-0.0012911439920499498,0.0009347561965377699
2020-01-02,0.00972738371392286,0.009733724642281678,0.013218620825918
2020-01-03,0.00578509235524198,0.0014038053822371603,-0.006068675945355831
2020-01-06,0.00135234944585148,0.0016342155290077001,0.004179601454656861
2020-01-07,-0.00230379518532406,-0.0027681186834294298,-0.00168570915929835
2020-01-08,-0.0020131580005231,0.0004640329837801902,0.00522878431001734
2020-01-09,0.0029861048714596205,0.00455643310865937,0.0073000573297875605
2020-01-10,0.00361038820446916,0.0015431583281949098,-0.0015405669455473702
2020-01-13,5.363582025485992e-05,0.0024743300375612196,0.00821583330762674
2020-01-14,0.0012696409626447001,0.00053949250560447,-0.00206394135637758
2020-01-15,0.00472355722784398,0.00392898887963738,0.0017715370087369902
2020-01-16,0.0017530580277508,0.0038887290665024095,0.00780396189963701
2020-01-17,-0.0018051772072823005,-0.0005123553044045603,0.0028645947529650395
2020-01-21,0.0036372012120387603,0.00208581266269343,4.333909560330011e-05
2020-01-22,0.00152174635015518,0.00116050561194846,0.00172089710268147
2020-01-23,0.0037091173100281404,0.00301342585020852,0.0027669766121981502
2020-01-24,0.0008475820481312804,-0.00232445765240401,-0.006955874919195649
2020-01-27,0.0011748630715401201,-0.00426898545586351,-0.01518423674514667
2020-01-28,-0.0007262617214889805,0.0030454214226431995,0.01108858556316849
2020-01-29,0.004664912927226801,0.0029800486331359997,0.0014602723277010502
2020-01-30,0.0013668768901966154,0.0019953449308625177,0.00309266397174146
2020-01-31,-0.002452572435133679,-0.0075763898318640605,-0.01427898055563482
2020-02-03,0.0013479690259052203,0.0035642715566322706,0.01044489472741781
2020-02-04,-0.0018918317466629989,0.0038040098043938117,0.01619434020157276
2020-02-05,0.0004912870061324192,0.0037713844784018403,0.005174214759118479
2020-02-06,0.0042261550199085805,0.00390966260318401,0.0061126909522823195
2020-02-07,0.00338851883444136,0.0008101149792581599,-0.0030346077343810195
2020-02-10,0.0046082787898200405,0.00556728293542843,0.00930595462921061
2020-02-11,-0.0020114242127672,-0.0008165655696456702,0.00027531131577413
2020-02-12,0.0003882312630028199,0.0022646595090555,0.00694102110855729
2020-02-13,0.00224622887327016,0.00107988519164435,-0.0006834927171645801
2020-02-14,0.0032275792903427997,0.0026924767291720696,0.00251047385457407
2020-02-18,0.00427226304838628,0.00179002561859073,-0.00015435677250980983
2020-02-19,0.003051387634634809,0.0034314067474353316,0.0066984476642195775
2020-02-20,0.0023073210588580007,0.0002938126726645004,-0.0055015990165501495
2020-02-21,0.0026220715911352203,-0.00187417789472078,-0.01278997609046489
2020-02-24,-0.005497756492545541,-0.014522181280332398,-0.031054879107567133
2020-02-25,-0.013565906877243242,-0.018371409095463268,-0.02518442062322125
2020-02-26,-0.0027156960937894403,-0.0033587044645960297,0.00057607621553609
2020-02-27,-0.01358641530489952,-0.023673110194428398,-0.04191691517240149
2020-02-28,5.3872908547420405e-05,0.0006046447181295008,0.0009668057042451399
2020-03-02,0.0154848933532361,0.02432925287741694,0.042388522351267444
2020-03-03,0.0010442063972654191,-0.009378303862811488,-0.0259339932344078
2020-03-04,0.012916739263734399,0.02220972303254768,0.03661247212468808
2020-03-05,0.0009802533291266204,-0.010317334749718216,-0.02599841352288338
2020-03-06,0.01428135262527578,0.005732643514799561,-0.00984413414417158
2020-03-09,-0.020066745560031123,-0.03856094518143312,-0.06325989133627251
2020-03-10,-0.004025247608455456,0.013559712905759181,0.04279751514523652
2020-03-11,-0.034930514144631546,-0.040644406755301225,-0.04495654997721345
2020-03-12,-0.0437698855446847,-0.059536179348249584,-0.08349696581657008
2020-03-13,0.019049812546054035,0.04145899454260218,0.07428697202612836
2020-03-16,-0.020152568590837805,-0.04736922149834406,-0.09718699658748826
2020-03-17,-0.0023649835250495804,0.013746144431599423,0.05284961540189401
2020-03-18,-0.04680276500193894,-0.04929590885278937,-0.041102567826967515
2020-03-19,0.00795933266955074,0.007552273707829299,0.006573635779067681
2020-03-20,0.015839452885462145,-0.0017984213831012989,-0.029306115263784613
2020-03-23,0.015092605619930961,0.00144000582826527,-0.00574527029534671
2020-03-24,0.03850159575530136,0.05363068881691849,0.07309869586784616
2020-03-25,0.0023413694029625204,0.006931491471098159,0.0020583065226658505
2020-03-26,0.027889248474807102,0.03779289144043224,0.050178370314971646
2020-03-27,-0.00252929647499258,-0.01050973490031985,-0.02644135940666326
2020-03-30,0.010578881416046442,0.017456884321472278,0.030354086875965313
2020-03-31,-0.01557813811723574,-0.014562899962443471,-0.0110438403961216
2020-04-01,-0.01050642617884414,-0.021854108542002405,-0.03784571081945534
2020-04-02,0.01504705907476056,0.01738826682903189,0.02001243657098406
2020-04-03,-0.0038423269175929006,-0.007464846377026721,-0.012640083077819522
2020-04-06,0.03136415011168582,0.04228744776187823,0.062352811868625915
2020-04-07,-0.00485228062990994,-0.0030656817162723897,-0.00084316979443302
2020-04-08,0.008735366965263041,0.01706734984088866,0.023315689659711494
2020-04-09,0.01203842394063032,0.012287899083679978,0.006991674508637921
2020-04-13,-0.003875848871047441,-0.006502921863635351,0.0008367430951005195
2020-04-14,0.01327315841132854,0.01840935036773382,0.033518454032509304
2020-04-15,0.00107588640960336,-0.005312431294837569,-0.0115852965927497
2020-04-16,0.006299402017581301,0.006215026808105369,0.012185262069421119
2020-04-17,0.0015611970845471994,0.010246429451783369,0.01424903187515432
2020-04-20,-0.0024043244948216205,-0.007444900168868989,-0.01216506522248263
2020-04-21,-0.0084736132472304,-0.015122853525483199,-0.0293357667934677
2020-04-22,0.00872513815679472,0.012218528650073689,0.022693173566870176
2020-04-23,0.004085772069991703,0.0025450660576516754,-0.0005643395981787764
2020-04-24,0.005657305673087219,0.00863896636565803,0.01369555953667842
2020-04-27,-0.0030063022413296192,0.00240281542299031,0.007927580639119972
2020-04-28,0.0018738165850121801,0.00024862153333746,-0.01010554352769923
2020-04-29,0.0095027372092755,0.014703935806812262,0.02768307718093341
2020-04-30,-0.01201856810774516,-0.01090128557901425,-0.00509744097236112
2020-05-01,-0.005929508474567361,-0.01269769762839767,-0.023825545831534043
2020-05-04,-7.734028837889982e-05,0.00059420403850734,0.00646161958702309
2020-05-05,0.0019833370513074205,0.00404728590355431,0.008724119749299849
2020-05-06,-0.0117370363803056,-0.01019375292896512,-0.0012469437139044704
2020-05-07,0.01457963404074086,0.013787348698184518,0.01293588622953819
2020-05-08,0.00021586204374406072,0.005426229341516191,0.012170658511680511
2020-05-11,-0.00428672106367092,-0.0028417279042455296,0.00377114839939088
2020-05-12,-0.0030894507580555,-0.00849115445434368,-0.017414970291691433
2020-05-13,-0.0023511242778421603,-0.007550207852830229,-0.012632591292786599
2020-05-14,0.01047168483971658,0.011001485018186579,0.01144178692044609
2020-05-15,0.001938727300687,0.0025510863170148798,0.004827461248849481
2020-05-18,0.0018891962774593822,0.010932787769226062,0.019304320037548818
2020-05-19,-0.0006816618282309203,-0.00407500418479124,-0.0049874329071542805
2020-05-20,0.008467423797195419,0.011328208290892169,0.017078556060158512
2020-05-21,-0.0046775910090078605,-0.004850477176297481,-0.007956863701811001
2020-05-22,0.004349348832068401,0.00353586560151175,0.00308707887890005
2020-05-26,-0.0032788221962259806,0.00194783315780346,0.00223740639210865
2020-05-27,0.00557753152845784,0.008556676924611808,0.00849661344003204
2020-05-28,-0.0015400561935088597,-0.0018760529614495298,-0.0017572736524465
2020-05-29,0.00611062020821692,0.0055518169228518394,0.00982281089811863
2020-06-01,-0.00015567173141824012,0.0008656138751997301,0.00244329900024615
2020-06-02,0.0005625833488345597,0.0032298211458436097,0.0063023783137722295
2020-06-03,-0.0036855233732217005,0.00215081527442176,0.00624287203624536
2020-06-04,-0.004737248149854361,-0.00486724604318115,-0.00600522242155792
2020-06-05,0.00334729055449958,0.01121300180832917,0.01945284363416153
2020-06-08,0.008536907801942282,0.00948780354079026,0.00909940918837452
2020-06-09,0.0034892372561333394,-0.00010205271451660001,0.0017756366291266296
2020-06-10,0.006563814932511401,0.0025325464287287106,0.00525161255190916
2020-06-11,-0.016941952287218363,-0.02964034828072696,-0.04594410046884224
2020-06-12,0.0012169288113576006,0.00443452566194476,0.0078001977883468115
2020-06-15,0.0035992839130734996,0.005589263056001329,0.009873148780422432
2020-06-16,0.0014671520488498196,0.006899316527057439,0.01475226114257843
2020-06-17,0.0003718082755905601,-0.00106272587965539,0.00033654666411407993
2020-06-18,0.0039954896073424,0.0032105082619317197,0.00256744737097437
2020-06-19,0.00024089264569055998,-0.0020855244249148794,-0.00228784605422601
2020-06-22,0.0039078581986407,0.004532435946975219,0.008574774872238719
2020-06-23,0.0007916688033665798,0.00155389657642765,0.00541361605298981
2020-06-24,-0.006610029048770561,-0.01243591094070147,-0.019438751015416745
2020-06-25,0.005320861940068741,0.007236952896013739,0.009336296707588971
2020-06-26,-0.00432669344419238,-0.010593681153024209,-0.02023774594946602
2020-06-29,0.00472820132390678,0.007928311217847499,0.011017398762712809
2020-06-30,0.0040695092301917405,0.0066730080531565,0.01443898456243333
2020-07-01,0.0011289286006224799,0.00317221431765448,0.00844379426891579
2020-07-02,0.0030509165248297204,0.00383216542974897,0.00570003340930706
2020-07-06,0.00573453223243686,0.00863267038953933,0.0180578533097339
2020-07-07,0.0027588876878089997,-0.0013404590499302596,-0.00616441814103246
2020-07-08,0.00270390415307282,0.0040119309543864,0.00924585536363089
2020-07-09,0.0035505815434801213,0.0010903224754542004,0.0035267906680116904
2020-07-10,0.0015555640546584394,0.00435948835032774,0.00699527897428422
2020-07-13,-0.00189267105632308,-0.00407923709392368,-0.01341818685553804
2020-07-14,0.006691626029215801,0.00867328748527392,0.008866516302679121
2020-07-15,0.0019841265762007604,0.00420007432396701,0.00422580328265893
2020-07-16,-0.00130789386343402,-0.0014962472845235699,-0.00425349753774201
2020-07-17,0.00196959630454,0.00193498851430584,0.00152913343293849
2020-07-20,0.005180205408482721,0.006068677569031319,0.017663956651286814
2020-07-21,0.00350016549873792,0.00266068558750267,-0.00429954304666129
2020-07-22,0.006513087790102781,0.0058323526426044305,0.00433723113904679
2020-07-23,0.0016649296277294204,-0.002772100637736729,-0.01666467924205454
2020-07-24,-0.0008842965947947409,-0.003024258821845945,-0.007330087700132525
2020-07-27,0.0053831907614748,0.00523743712274873,0.011467422223471382
2020-07-28,0.0018988922359284201,-0.0008954978020470098,-0.008207318757431921
2020-07-29,0.0057402568704222005,0.007619183806578099,0.0105121394896648
2020-07-30,-0.0002718990584843399,-0.0009042928420232699,0.0018494058623855498
2020-07-31,0.00472152303622992,0.005457412934958219,0.01201924211963001
2020-08-03,0.00099298727579382,0.00277369271455578,0.00903074711759227
2020-08-04,0.009613771033120722,0.007305352444374691,0.00435459934501723
2020-08-05,0.0008439908109983,0.0020321328629642993,0.0028488610839284
2020-08-06,0.007562752484238461,0.00701363472470006,0.00985480744450673
2020-08-07,-0.005556010865746841,-0.00315730835678723,-0.00615047270472281
2020-08-10,-0.0012861135420839203,0.00010499100715010996,-0.0013883896826788302
2020-08-11,-0.01879452998646486,-0.013887532766263349,-0.013960967046917669
2020-08-12,0.0010051278166884198,0.005169977354554769,0.01724325724700946
2020-08-13,-0.0002749062127273003,-0.0019294406037183992,-0.0006516563773503503
2020-08-14,-0.0024131570798705043,-0.0015855230314701567,-0.0009660080922356544
2020-08-17,0.0066145960949024005,0.00482923006150658,0.0073273558940628305
2020-08-18,0.00552663003328084,0.00434270764313306,0.00639181792161024
2020-08-19,-0.01047912532055368,-0.0075301299523160194,-0.00565431396666273
2020-08-20,0.00624384807668346,0.005271259977417499,0.009085436568035319
2020-08-21,0.0022136238319945406,0.00312491674632889,0.005483066470391621
2020-08-24,0.00227193633728884,0.0050268096562513,0.00701299653193518
2020-08-25,-0.0014188352600124402,-7.514537963368e-05,0.00456535507706014
2020-08-26,0.00484150631219866,0.00604841822219562,0.01429712721119914
2020-08-27,-0.00824120320715968,-0.0049467701448538005,-0.0023845107312620104
2020-08-28,0.0057621216067301004,0.005390306604863939,0.005051781340956139
2020-08-31,0.0016843547623018602,5.7215713162320106e-05,0.00323179061469119
2020-09-01,0.00858082207827174,0.009201651713140191,0.01345703140662517
2020-09-02,0.006967221906574581,0.01022121471423795,0.01147223259003581
2020-09-03,-0.014250053739445422,-0.02060659794766392,-0.038831861380687366
2020-09-04,-0.010308989993337061,-0.010319139967851542,-0.01182752610554176
2020-09-08,-0.00885684040606076,-0.014743229910453652,-0.03434678463491797
2020-09-09,0.00876606803794632,0.01201343643102748,0.02231849682014377
2020-09-10,-0.005557200594841761,-0.00921597549322211,-0.016405793999511382
2020-09-11,0.0010456525004940648,0.0009397866581246123,-0.0030530808311843203
2020-09-14,0.00682253707285654,0.008673580338486319,0.013969959742865051
2020-09-15,0.0005695561250650799,0.0020625571159561696,0.008864850211164281
2020-09-16,-0.0022151678197704005,-0.00299364847756599,-0.00985949916419739
2020-09-17,-0.00339337317903536,-0.0049091574567789,-0.011023431004501521
2020-09-18,-0.00558576910175724,-0.007708627050704781,-0.01129712326728571
2020-09-21,-0.006439707035166921,-0.00716431985929724,-0.00274518394685993
2020-09-22,0.0027881087310686597,0.005388631141810579,0.0132837447140207
2020-09-23,-0.013061901530965803,-0.01567331278677996,-0.024409434527331363
2020-09-24,0.0033418909326519003,0.00312007919092445,0.0037771471595097503
2020-09-25,0.00589673678449922,0.009415100608853288,0.01809128808391478
2020-09-28,0.0075173312573783195,0.010117864859941969,0.016743521125113858
2020-09-29,-3.0201440781159718e-05,-0.00207809872124065,-0.004317667741260269
2020-09-30,-0.0020022755842177,0.0010731631722862398,0.00549883269615754
2020-10-01,0.005012053673176,0.00523901323284446,0.010669204773708061
2020-10-02,-0.0054706919483267,-0.006906623561238649,-0.01823690873328925
2020-10-05,0.0002521719321318402,0.0052654242986167905,0.01580251098948022
2020-10-06,-0.0058830117966111005,-0.0080890529331467,-0.014071109579582951
2020-10-07,0.003955473852436581,0.008211144374455371,0.014883014111627582
2020-10-08,0.00641582975951608,0.00729292153804917,0.00674651786913988
2020-10-09,0.00712950189089008,0.00711819188177104,0.011193497893089151
2020-10-12,0.0071351349214167,0.01032114236030457,0.02218868964471822
2020-10-13,-0.0028919741731139397,-0.00334038029919374,-0.0019111192334467018
2020-10-14,-0.0009794832913681201,-0.0027743629611396104,-0.0064611197624032495
2020-10-15,-0.00045617800193704006,-0.0008951797574660498,-0.00402252877074598
2020-10-16,-0.0020468378897171,-0.00154315053974787,-0.00326000174991997
2020-10-19,-0.0074923976428018,-0.0102055990348977,-0.014622023531224701
2020-10-20,-0.0012397140875790402,3.090844877060012e-05,0.0017253169060119197
2020-10-21,-0.0006325161771870398,-0.0014188345598395496,-0.00148919386880688
2020-10-22,-0.00392486559693882,-0.0008080319498333999,0.0011366773581995713
2020-10-23,0.0035908097433629406,0.00376480673372673,0.00295467395282561
2020-10-26,-0.0037714676205012395,-0.008347403727383077,-0.01395969859037126
2020-10-27,0.0018312282893784802,0.00020756327420334012,0.0031962208369201994
2020-10-28,-0.016526554829221662,-0.02184139869883889,-0.03307156697564746
2020-10-29,-0.0006465296912380599,0.0027714089498466505,0.01183787794318213
2020-10-30,-0.007204017501064742,-0.008758503532602149,-0.017837824549886527
2020-11-02,0.00942063253067266,0.00994272094604487,0.006345955180030239
2020-11-03,0.005877129205971001,0.009420776722443661,0.01513109501960166
2020-11-04,0.01750477857832144,0.01986126120560191,0.03342815541451039
2020-11-05,0.013093247140496981,0.01452164448817602,0.02101031412397208
2020-11-06,-0.004641031365386721,-0.00362042868489139,-0.0009262412077838801
2020-11-09,-0.012233876170786463,-0.0031921858299261714,-0.007291909861028239
2020-11-10,-0.0022310460801185,-0.0022789447110642194,-0.01012094184074482
2020-11-11,0.00354983428266626,0.005107325799551549,0.014517237131182619
2020-11-12,0.00413891771372216,-0.00010916307593804937,-0.00452535440780353
2020-11-13,0.006371398567458121,0.008590989293789911,0.009791411003579602
2020-11-16,0.004020521723092978,0.006762980960504968,0.00865420048735343
2020-11-17,-0.00027380486837300035,-0.00163535590633104,-0.0030844545715910405
2020-11-18,-0.004799830695929601,-0.00692422243989056,-0.008219356621267111
2020-11-19,0.0033672348686037802,0.0038824737884773,0.00611108978762311
2020-11-20,0.0014141791453950606,-0.0011450070554567295,-0.005272336994356609
2020-11-23,-0.0033736952356008404,0.00025279612076896905,0.00195671754482754
2020-11-24,-0.00060097339812632,0.005149835249018738,0.01247535520824325
2020-11-25,-0.00194247633652918,-0.0018958682532534798,0.0021488123141997105
2020-11-27,0.0029665033834712006,0.0035677082172497197,0.00669163575470382
2020-11-30,-0.0036049699134689805,-0.0036980601456276505,-0.0008755782643032103
2020-12-01,0.002688938936942259,0.0042449138684393,0.00930839965110082
2020-12-02,-0.0008288055371707998,-0.0003665656815670594,0.0006905818344674901
2020-12-03,0.00469114254562962,0.0030428568378813503,0.0014048884743396901
2020-12-04,-0.0029860501046301,0.00048756471698439976,0.0040179952533102
2020-12-07,0.0057689230058226,0.00296449482247628,0.00291146077410098
2020-12-08,0.00375838971108182,0.0035222558230964297,0.00333547572423232
2020-12-09,-0.008328297568814941,-0.00808214942425533,-0.015238436076510611
2020-12-10,0.0030319809110743606,0.00227155091376216,0.0027633705591630304
2020-12-11,0.00131844012571014,0.0005440539845516801,-0.00122254770037189
2020-12-14,-0.00400091453113508,-0.004068476634465331,0.00155955616840961
2020-12-15,0.006867078578856981,0.00850662842388143,0.01041784782990349
2020-12-16,0.00066672004315442,0.00069486543336356,0.00311141793232025
2020-12-17,0.00328266119303544,0.00361360051931045,0.0052409004216504304
2020-12-18,-0.00313570696179306,-0.00346479459426193,-0.00340805933678915
2020-12-21,-0.0004786498378152198,-0.0012729167681799496,-0.00196901300827589
2020-12-22,-0.00019001918157395968,-0.00025297508871731996,0.0012014961377112602
2020-12-23,-0.00107502645128812,-0.0008691317918434896,-0.00284951621579188
2020-12-24,0.0039361783621828005,0.00392008004998197,0.00415826059621882
2020-12-28,0.0028886624994082202,0.004925166041644991,0.00852034090292943
2020-12-29,-0.00054298445557944,-0.0011616546670158699,-0.0004424578351473501
2020-12-30,0.0029670500246510804,0.0022705420585667603,0.0008028806790292691
2020-12-31,0.003359186426139,0.0038578902876640593,0.0034085708953747597
2021-01-04,-0.0014756460295695401,-0.00630380666271964,-0.012626085642144869
2021-01-05,0.0003762655394909599,0.0022002752039283003,0.006134200520063171
2021-01-06,-0.00906778838084156,-0.0041952552081581,-0.006587394047604471
2021-01-07,0.0019501284568859201,0.00603659310734749,0.01715740416109033
2021-01-08,-0.0058538837420988605,-0.0009706342746246804,0.00838546160770325
2021-01-11,-0.0037494233842371204,-0.00473618607465625,-0.01008664604650234
2021-01-12,0.00106154886555288,0.0005358369745413201,-0.00079000015946322
2021-01-13,0.0047204873242356,0.00456361264125411,0.00557997248171856
2021-01-14,-0.00525168554378676,-0.00496341075355648,-0.00501124556526055
2021-01-15,-0.0038115890315846604,-0.004426149588432089,-0.006481010738014359
2021-01-19,0.00612643415388778,0.006526878758590369,0.010758726001849581
2021-01-20,0.009185853217948861,0.01022679690847092,0.01726433736220544
2021-01-21,-0.0025681986649660404,-0.0016212809738161199,0.0036625044745317507
2021-01-22,-0.00169555566196094,-0.0019397949764549298,-0.0025321623335128603
2021-01-25,0.006464276770417601,0.0059882418492732195,0.006889380370321021
2021-01-26,-0.0018733155175672403,-0.00174983674923883,-8.179198748951011e-05
2021-01-27,-0.010026405529004061,-0.01453512836783606,-0.02346028797034558
2021-01-28,0.0014144791554746802,0.0035945454895948297,0.005845724633374939
2021-01-29,-0.010495273748173441,-0.013857015041192342,-0.01912859506259927
2021-02-01,0.008999199380183922,0.01127381121926003,0.01926804240111327
2021-02-02,0.00064330388394178,0.00533285424073997,0.01316823051801573
2021-02-03,-0.0035367980605117404,-0.00234115960831462,-0.00255648445146825
2021-02-04,-0.0008286976333125992,0.0038647208113248193,0.01019252134592287
2021-02-05,0.00019928174481206005,0.0008366137099908599,0.0024325195255153797
2021-02-08,0.00665916090958436,0.0066574050566977,0.006677682085037471
2021-02-09,0.0006828155854985999,0.00014912426134368998,-0.00029703176852156004
2021-02-10,0.00321929089903834,0.00210071420574042,-0.0006483601824666999
2021-02-11,-0.00328104699088026,-0.0015420068625819601,0.00284837266518197
2021-02-12,-0.00359900875581218,-0.0010654284688117696,0.00352848097511642
2021-02-16,-0.009307942358473102,-0.006523112625579159,-0.0032214074088147103
2021-02-17,0.00036164607096637966,0.0009077677939384201,-0.0016722776150472703
2021-02-18,-0.0033332380401816736,-0.0037737354170329666,-0.00429314891594578
2021-02-19,-0.005193528709545161,-0.0046323588066225,-0.00421619888113302
2021-02-22,-0.0031261122784075,-0.00540059820692222,-0.01679750152418987
2021-02-23,-0.00112786217436206,-0.00036655755856015006,-0.00129126971933227
2021-02-24,0.0016416604441311996,0.00457255458705101,0.00787339409839536
2021-02-25,-0.01993369865233032,-0.02123815995454683,-0.028702724020682472
2021-02-26,0.0063259864700366195,0.004407775960638609,0.0033386449885795502
2021-03-01,0.004067037934711901,0.010408886371876489,0.02341645189705114
2021-03-02,-0.0020033435497091977,-0.004115851040415484,-0.011133683635350586
2021-03-03,-0.011840959933312401,-0.012303372091235578,-0.02089296726901878
2021-03-04,-0.009497103120617,-0.01034337717876146,-0.01377819692150346
2021-03-05,0.008263351884156962,0.01168501793176158,0.0150836919510298
2021-03-08,-0.00717528809558418,-0.00635674656752488,-0.01692618600398804
2021-03-09,0.01550856626835984,0.01485115985109955,0.02681749567666038
2021-03-10,0.00431077270985746,0.00484554295416279,0.00126279353104906
2021-03-11,0.0009971385562511199,0.0038329045486216406,0.014850012874109229
2021-03-12,-0.007986948912984522,-0.0055768404424435805,-0.00563940430291862
2021-03-15,0.00561675297152554,0.00578177760760948,0.008314799995791261
2021-03-16,-0.0019269837250416803,-0.0018698702436529898,0.0018379251930717999
2021-03-17,-0.00020043072592440016,0.0005154193739409101,0.0026745617703854098
2021-03-18,-0.01103222224826344,-0.01234856639993454,-0.02214779758643362
2021-03-19,0.0025754705514517803,0.00116732097996487,0.0016422060904486301
2021-03-22,0.007382339663823681,0.00800576428078578,0.01369120600994564
2021-03-23,-0.0009976953464368205,-0.0027444900136966597,-0.0044269844350152505
2021-03-24,0.00081159970455718,-0.0010894068559388402,-0.00992783071822588
2021-03-25,-0.0016307693406318804,0.0006462627091561001,0.00059583340379904
2021-03-26,0.00561473618300642,0.008903421359143541,0.013596257279499433
2021-03-29,-0.0059765037337436,-0.00403911964570999,-0.00119338374301719
2021-03-30,-0.0023834835640926403,-0.0017289326941559299,-0.00305368108796196
2021-03-31,0.0024229607537073396,0.0022748543941346396,0.00871478440380822
2021-04-01,0.013484017105830082,0.01272131433991984,0.014502381696267701
2021-04-05,0.0039218219574276994,0.007265866110898979,0.015287556931832381
2021-04-06,0.00408662805601334,0.00248631258221814,9.560733578217002e-05
2021-04-07,-0.0028864658626469005,-0.0016767033692835802,0.00097553592429957
2021-04-08,0.00735116341773466,0.00639980053752411,0.00794108386799503
2021-04-09,-4.861437605671983e-05,0.00252141951233451,0.00557489089682777
2021-04-12,-0.0012413147364697202,-0.0005184449193219802,-0.00055047639753217
2021-04-13,0.00560013819905932,0.00473493351217998,0.00777157673280932
2021-04-14,-0.00350593623246022,-0.00343675355689364,-0.00768792450509443
2021-04-15,0.01422347276805706,0.013082181109169668,0.01354817403335964
2021-04-16,-0.0005600758937650198,0.00028031170534133015,0.00114582834302964
2021-04-19,-0.00366721280838902,-0.0040861040695070495,-0.006828351318999639
2021-04-20,-0.00037366344397968005,-0.00265447420572876,-0.00611202594433782
2021-04-21,0.0065698679798562604,0.007270433403520139,0.00826595557508596
2021-04-22,-0.00320435277711482,-0.00481904895188956,-0.00924405554690575
2021-04-23,0.0026305655213931596,0.005417271962888349,0.01039675153916522
2021-04-26,0.00079271772362892,0.0010885751851316898,0.00394768739480903
2021-04-27,-0.00407903928708702,-0.00299812689828023,-0.00312465008018177
2021-04-28,0.00073344411179162,0.0003166197222492,-0.0017406360482504599
2021-04-29,0.0005404496473117604,0.0025239552234981397,0.00405326782748116
2021-04-30,-0.00237676536369526,-0.0035853387974244494,-0.005674383291058921
2021-05-03,0.0036982971027044002,0.0027718571807088203,-0.0017400706667344802
2021-05-04,-0.0012191564021201797,-0.0023986632387365293,-0.010786969441786691
2021-05-05,0.0016131437082750402,0.00109659939103727,-0.0013910201605698
2021-05-06,0.00718871694934606,0.00695321288454302,0.00712750342179739
2021-05-07,0.00273799171787268,0.0037870675557602597,0.00647523792634822
2021-05-10,-0.007405583666445561,-0.00867640556693704,-0.017600811235348162
2021-05-11,-0.00579907093609874,-0.007035402989863841,-0.004826518238200871
2021-05-12,-0.014687936420812061,-0.016892867971721827,-0.0224904923665071
2021-05-13,0.006246019700582101,0.008082903154692669,0.00882572968263472
2021-05-14,0.01170582082324312,0.012930122322071651,0.01811568911629214
2021-05-17,0.0004638936224027402,-0.0009973887432884495,-0.00426265997214372
2021-05-18,-0.0040805635787913,-0.00574245693363432,-0.00707755860136612
2021-05-19,-0.0018788727553157999,-0.0022298337394503296,-0.00071614476705493
2021-05-20,0.008507793958493381,0.00937970430631918,0.01479746280422734
2021-05-21,0.0010459937082778,0.0005161936346116399,-0.0027741068254135103
2021-05-24,0.00591173545052232,0.007404036416448819,0.012857512271495512
2021-05-25,0.0046325547292859,0.00235518090989874,0.00073068281403284
2021-05-26,-0.00024306918448041998,0.0005001366879336798,0.00236364509610629
2021-05-27,-0.0013199814824922402,-0.0008521464546224,-0.00206272332648563
2021-05-28,0.00083471737706738,0.0009741603050417698,0.00213397695331228
2021-06-01,-0.00098021963597108,-0.00086493264205474,-0.0020369322813777
2021-06-02,0.00253314123659796,0.00212712741850044,0.00183702775678826
2021-06-03,-0.00690158323880526,-0.00531066977213954,-0.00706281207066606
2021-06-04,0.01129280115408056,0.010674158769637461,0.013512741162719931
2021-06-07,-0.0008159518234660401,-0.00110338426184034,0.0007944067051344802
2021-06-08,0.0022773692796306403,0.00192657493099908,0.00102559557796821
2021-06-09,0.00255136818109074,0.0015618181324261696,0.00040490683704915
2021-06-10,0.0051180375320084605,0.005018375933395269,0.00766958555795554
2021-06-11,-0.0022351491807148004,-0.0006179866267730701,0.00180706129057343
2021-06-14,-0.0033403663377353605,-0.0015405685891903,0.00492088234690518
2021-06-15,-0.00197068990432946,-0.00183944437491704,-0.00411950084365221
2021-06-16,-0.0059519016785555805,-0.00529431102112435,-0.004144540656878861
2021-06-17,-0.0002920875139747403,0.0012184242837524097,0.0077132671562404305
2021-06-18,0.0010169693657062593,-0.0030069785256955106,-0.007439094609633241
2021-06-21,0.0014783284217874193,0.004791160090474379,0.00715954089099717
2021-06-22,0.0022770685330602406,0.0035213155387807393,0.00704359233492062
2021-06-23,-0.00164469564540394,-0.00156206428758292,-0.00049516906665545
2021-06-24,0.0028880003973595397,0.00397082628982936,0.00561807427195709
2021-06-25,-0.00207007391735018,-0.0006525527763840001,-0.00023188572860996005
2021-06-28,0.0049067799902207275,0.004287867650855584,0.00791536813033957
2021-06-29,-0.0012165293407128798,-0.00022566264288431995,0.00219193711905142
2021-06-30,0.00308862534593742,0.00232625332845895,-6.833584291959902e-06
2021-07-01,0.002924758577265205,0.003682424290671324,0.002417627767214371
2021-07-02,0.00678306079688234,0.007052514990380909,0.00940032802843314
2021-07-06,0.0049520465534550195,0.00291947078269926,0.0026042771691666003
2021-07-07,0.0057189649242455004,0.005159174893871391,0.00335470195254489
2021-07-08,-0.0018222850821257603,-0.0037786047400281907,-0.00588730753158866
2021-07-09,-0.0006913499505932396,0.00251794422297512,0.00598547454342569
2021-07-12,0.0006658840345740802,0.00163598870157187,0.0032559272135520303
2021-07-13,-0.0041646703490516804,-0.00421122739336583,-0.0021288922188399903
2021-07-14,0.00729286033049884,0.00537953482210863,0.0026299129615678096
2021-07-15,0.00308071024892524,0.0012770643808861898,-0.0037750730603619297
2021-07-16,-0.005832010584353521,-0.0062418212548232795,-0.007375482357323471
2021-07-19,0.0031001663992673394,-0.0021643160714226203,-0.007811246652048792
2021-07-20,0.0016167913117578001,0.0055765703854041985,0.01057643120371795
2021-07-21,-0.0025721458806896805,0.0006857571149297304,0.00583199369066452
2021-07-22,0.005010213720541301,0.0042881319232246605,0.00508817457329786
2021-07-23,0.0008125834938016998,0.0038524959926158997,0.009284994939177948
2021-07-26,-0.00067766440046322,0.0003469316528909598,0.00107943108436302
2021-07-27,0.00277850738862788,0.0006333691570048398,-0.00626476731744865
2021-07-28,0.000872057303045124,0.000278696791937768,0.001763502100407506
2021-07-29,0.0016615211269129999,0.0019350903138724695,0.00199277861720092
2021-07-30,-0.00163864974739592,-0.0022916371060815602,-0.0040782738619131505
2021-08-02,0.0024813692652399795,0.0012935420632839995,9.395737736776972e-05
2021-08-03,0.0033248428776468603,0.00496954585127374,0.0063377483851439105
2021-08-04,-0.0010979096779650602,-0.0023108441754416003,-0.0010393811666645199
2021-08-05,-0.0002960672622924395,0.0018753854163110198,0.0051948974254024905
2021-08-06,-0.01101757421111082,-0.006517945918431699,-0.00320040398879809
2021-08-09,-0.00530725300293318,-0.0033377447120611,0.00023985426357808987
2021-08-10,-0.0012876120935677601,-0.00060784879913923,-0.0025269837495357998
2021-08-11,0.0035052612289122,0.0026850993991564803,7.385345225558002e-05
2021-08-12,0.0005922565930735001,0.00133110340011605,0.0028371202982208
2021-08-13,0.0099113262656826,0.0072631356000291,0.0040624621496075
2021-08-16,0.0029089518061641804,0.0026387418180682503,0.0014012523830449102
2021-08-17,-0.0030824518466750204,-0.00420372483867871,-0.00706647875773335
2021-08-18,-0.0028784888771102198,-0.00548130178539266,-0.0088544140822712
2021-08-19,0.0029788752574514002,0.0028453087095732794,0.00377147764686638
2021-08-20,0.0035569848402531197,0.0050278776501714905,0.00842858070193918
2021-08-23,0.005688203860060381,0.00629622891803985,0.01093054851721661
2021-08-24,-0.0025705186017624003,-0.0014279586360496299,0.00138433471555507
2021-08-25,-0.0038707656079183797,-0.0019267053196639296,0.0005830417861511101
2021-08-26,-0.0010265540531628802,-0.00259762089589342,-0.005259313405377531
2021-08-27,0.00930360959052544,0.00890853025319586,0.00911676183115829
2021-08-30,0.0018158248300453002,0.0029279951139293504,0.0076312219398364
2021-08-31,-0.0029138682219401603,-0.00273030407865111,-0.0016809730679453801
2021-09-01,0.0008944910564087396,0.0008273438104917998,0.00120896327602888
2021-09-02,0.00244643209924604,0.0028904475255258797,0.00143100549944021
2021-09-03,-0.0015960152392489203,-0.0018045861055024797,0.0005311867636445801
2021-09-07,-0.00872119588037412,-0.00663434572121999,-0.00156612587767713
2021-09-08,0.0017342097057587403,0.0010603594438918602,-0.00154706868488856
2021-09-09,0.0040127280673155005,0.0015043263305189903,-0.0022221785251908604
2021-09-10,-0.00769212098199706,-0.00788154178377462,-0.00783033597879119
2021-09-13,0.004119677726948561,0.0036900589260524096,0.0012850278082781798
2021-09-14,0.0039782712412605,0.0010428186612263099,-0.00236781373066264
2021-09-15,0.0007652130927045201,0.00337291187467207,0.006707652998264361
2021-09-16,-0.006995433333203201,-0.00459001833737057,-0.00074844256682892
2021-09-17,-0.006134799802624081,-0.00744414335924193,-0.010297753107130441
2021-09-20,-0.00027995926765288074,-0.005569500631365881,-0.015761138983726844
2021-09-21,0.00061158975691072,-0.00015814623880416997,0.00015126079909547
2021-09-22,0.005541020888552301,0.00726892607228637,0.009168504719019721
2021-09-23,-0.006488067520429221,-0.00064368997077446,0.007213958203720349
2021-09-24,-0.0035074455881284198,-0.00207227177943695,0.00015053185030866004
2021-09-27,-0.0021982702396258,-0.0026110293781213796,-0.005502916540555629
2021-09-28,-0.016234829510147642,-0.01773586857915428,-0.02376715045891256
2021-09-29,0.00046633155634885984,0.0010799522656717098,2.697584738952993e-05
2021-09-30,-0.0013488944945346994,-0.00557720930120913,-0.00673986320920938
2021-10-01,0.008570424707891622,0.009880438458184659,0.0086962861771427
2021-10-04,-0.00524112101410938,-0.008033608375824309,-0.01590779604705117
2021-10-05,-0.0006318179724382001,0.00288045294148507,0.00994567765183667
2021-10-06,0.004453730456677861,0.004453448432722679,0.00543058740982605
2021-10-07,-0.0017792554640526398,0.0015228540913010406,0.00699994865678666
2021-10-08,-0.00344366801611904,-0.0031512061306223802,-0.00392266455452916
2021-10-11,-0.00428852107363192,-0.00529395265151687,-0.00698453929352296
2021-10-12,0.00675841181639578,0.0041046475401491506,-0.0010184985527759399
2021-10-13,0.00888855611847966,0.006856002488352799,0.006415726540282871
2021-10-14,0.00870358434259616,0.011451544061250481,0.0163080704995039
2021-10-15,-0.00246298125123014,0.0012321035936785395,0.00561392058662826
2021-10-18,0.00256375564570268,0.0029350336358217395,0.0066810954802485
2021-10-19,-0.0017893161705974797,0.0008117569567973803,0.00549011667713157
2021-10-20,0.0006238384901017602,0.0012079910619585106,0.00024354638033673008
2021-10-21,0.00038715750916181997,0.0011178133516307298,0.003977814032794171
2021-10-22,0.005214088805767961,0.00329387183825876,-0.0035144107103572695
2021-10-25,0.00291729905160882,0.0034510566094637504,0.007111281288179039
2021-10-26,0.00218785118832694,0.0022809129209906396,0.00276134723119452
2021-10-27,0.006030592120378541,0.00306264873349611,0.0012078978010098401
2021-10-28,0.0024581045271793805,0.00475015997567657,0.00907378211317918
2021-10-29,0.00033265866751374003,0.0012836252747511798,0.0035768442581958102
2021-11-01,-0.0011478074963805001,-0.0006057842919344598,0.00167744224748394
2021-11-02,0.00296289551864376,0.003542499695767279,0.0041517228596371
2021-11-03,-0.00335457363696708,-0.0002685946593451701,0.006716626379782271
2021-11-04,0.008357392793319061,0.007114777452304259,0.009345290203981579
2021-11-05,0.00998290444709558,0.00787489529132219,0.00336049624216565
2021-11-08,0.00030957030793186,0.00030872451953074993,-0.00052340884318778
2021-11-09,0.00487077316866064,0.0024150207518432304,-0.0034620848549839905
2021-11-10,-0.0083594130298701,-0.0092259194557377,-0.0123945871220532
2021-11-11,0.0006560719558093198,0.00030902002141399993,0.0013672544306271399
2021-11-12,0.0016407810510143603,0.003399869255223199,0.00784083143644832
2021-11-15,-0.005195325454850541,-0.0037163794348656297,-0.0012328362651052602
2021-11-16,-0.0008809479440361999,0.0008883137885389301,0.00488935072288553
2021-11-17,0.00402573652033324,0.0018336977314423104,8.508840851924001e-05
2021-11-18,0.0022211002107920203,0.0028452231608518098,0.00691539356765855
2021-11-19,0.00197845211509122,0.0013296819995975498,0.0031281727405797904
2021-11-22,-0.01030135021374938,-0.00744956231994758,-0.00810348568726649
2021-11-23,-0.0069839714635983405,-0.00440755574340761,-0.0031945984893363404
2021-11-24,0.00729904126033928,0.006323102105133239,0.004283828196387
2021-11-26,0.0008631421026037795,-0.00596285191844019,-0.01587384502680768
2021-11-29,0.00141553818262822,0.004810524696024188,0.01495387082219813
2021-11-30,-0.0030465390357002006,-0.007786074017126919,-0.013605808369959371
2021-12-01,-0.0011776025968884601,-0.0044147202027445,-0.01233250560981492
2021-12-02,0.005518020676391901,0.009010223166867849,0.009854822499466101
2021-12-03,0.0029745251392940793,-0.0008001362788694104,-0.01098176172928125
2021-12-06,-0.0012487919742327192,0.0027394445741924906,0.007370301926669451
2021-12-07,0.005751880022014402,0.010341917245788031,0.022523041563920484
2021-12-08,-0.0057468316531386595,-0.003542742181501619,0.0015677890910099602
2021-12-09,-0.0016855057627766798,-0.00298400451549516,-0.00949837902321007
2021-12-10,0.00364428253088952,0.005346259581342629,0.008959268160463671
2021-12-13,0.002872745892882061,-0.0006289928193702493,-0.00928878445079693
2021-12-14,-0.00557349674054582,-0.005777111666525229,-0.00816553461349707
2021-12-15,0.0032595183045386012,0.006917616009601892,0.01668650590453634
2021-12-16,-0.0009521798612389396,-0.003964530106431299,-0.01634568146875553
2021-12-17,-0.00015286028756017998,-0.0032005129382288596,-0.00561865570581637
2021-12-20,-0.008096271263811421,-0.00905074242609696,-0.0098527013462882
2021-12-21,0.005496682037557441,0.009471187897298691,0.01791295758434627
2021-12-22,0.007730357969666961,0.00832741383865857,0.010551631058958441
2021-12-23,-0.0005312716528501002,0.0013554615975509094,0.00539055338373611
2021-12-27,0.007103915617463881,0.00945521048270288,0.014166780778028088
2021-12-28,-0.00277419456408934,-0.00211032275030997,-0.00304053261034045
2021-12-29,-0.00391737143542454,-0.0025394210317784298,-0.00065541063848786
2021-12-30,0.0036841362260279405,0.0015748931761797903,-0.00176141232030743
2021-12-31,0.0011424081678372603,-0.0002408534354488499,-0.0039342361379172295
2022-01-03,-0.01126071368159522,-0.005939361641971449,0.00450426466117321
2022-01-04,-0.00032389127823059956,-0.0007116599217388099,-0.00703498745375216
2022-01-05,-0.01045330518022382,-0.013450273167979098,-0.02358410711400564
2022-01-06,-0.0017892716648427202,-0.00101156784493675,-0.00046836115770579003
2022-01-07,-0.00354648369408796,-0.00407348430997917,-0.00771650714572804
2022-01-10,0.0010942671831330802,0.0002953837797023499,7.730934487056002e-05
2022-01-11,0.0087209803431366,0.00867003458547539,0.011820479291242839
2022-01-12,7.754428973665971e-05,0.000737061708674,0.0026811333487431702
2022-01-13,-0.00263858963061282,-0.005942697279432198,-0.017131498217419744
2022-01-14,-0.00645616988694726,-0.00457546176837929,0.0017638978337246901
2022-01-18,-0.013043990630176762,-0.015013322395508859,-0.020938425560089433
2022-01-19,0.0017922803148445795,-0.00256489281082057,-0.00895278376482756
2022-01-20,-0.0024600442356464596,-0.00504052705778371,-0.01030475793159253
2022-01-21,-0.00374199612931864,-0.008532597724970791,-0.020525895597778968
2022-01-24,-0.0004888789092249999,0.0006326709414339101,0.0031660655385555604
2022-01-25,-0.004890038446520661,-0.007490080543554589,-0.01663582483059076
2022-01-26,-0.009074359072192222,-0.0067500666587853395,-0.0029951312757652304
2022-01-27,0.0027903370056372593,0.0012562744639269298,-0.00517434160135395
2022-01-28,0.009477404369000922,0.01470786835867806,0.02565385845418715
2022-01-31,0.0063211515340669405,0.009847874069057528,0.022676527767013305
2022-02-01,0.0015417916014990201,0.0031418500292920005,0.005772517274672191
2022-02-02,0.00596540041274554,0.0072069802792776895,0.00828709625674562
2022-02-03,-0.01280862976246274,-0.016586906673240382,-0.03045455091726386
2022-02-04,-0.00370758757827686,-0.0014471423985253599,0.0067140589143559705
2022-02-07,0.00045580675036217995,-0.00099103083007363,-0.0052411464732627705
2022-02-08,0.00122827300672076,0.00323670444369759,0.008240234804552011
2022-02-09,0.00728676660545362,0.009685934421984989,0.01663805747533023
2022-02-10,-0.01430258551702132,-0.01592681784280336,-0.020091861821410546
2022-02-11,0.0018545972594439793,-0.00547742709587064,-0.02226567253278298
2022-02-14,-0.0052139916167629995,-0.0051587532488203795,-0.00193213557519003
2022-02-15,9.621085262861463e-06,0.005320193700227591,0.01774732603985691
2022-02-16,0.00487593088397726,0.0034790261798709,0.00091478703392527
2022-02-17,-0.0028356013865715795,-0.009218531763966531,-0.02267263199069829
2022-02-18,0.0014741279681565395,-0.0008002638097594699,-0.00724007739674389
2022-02-22,-0.0028331375339564597,-0.0054488353835590005,-0.00905413587684722
2022-02-23,-0.011706733468891862,-0.01432698758015977,-0.021281191747525893
2022-02-24,0.0049933076011364,0.00858225358843096,0.022887885079218462
2022-02-25,0.008451843816205283,0.01312461483976657,0.01665217326582613
2022-02-28,0.00981713316816576,0.00607699631896745,0.00265784915481252
2022-03-01,0.00216531245096372,-0.0038532272663917696,-0.01259157467641753
2022-03-02,-0.008395883093704358,-0.00025774362886995844,0.012329915130013821
2022-03-03,0.00327343868771336,0.0006638789690947798,-0.00811526384676325
2022-03-04,0.00684151849410048,0.0018972897595493797,-0.00876939996737411
2022-03-07,-0.011870948810992718,-0.01849011564657437,-0.03099515937691101
2022-03-08,-0.0015848145197680597,-0.004831055872793359,-0.00636276780867088
2022-03-09,0.0008625050921774796,0.01017566803759416,0.02774337565614827
2022-03-10,-0.006928960092874881,-0.00670745644963476,-0.00879532924554907
2022-03-11,-0.005152800498557761,-0.00732769137780451,-0.01512059982707428
2022-03-14,-0.0152778918411363,-0.012897309268062592,-0.01486060370101214
2022-03-15,0.00435698504106416,0.010800209999509678,0.0243051779090171
2022-03-16,0.01404508840720656,0.016873102027197228,0.028393857612349853
2022-03-17,0.0030005740202531006,0.00575923286116546,0.01031212444501856
2022-03-18,0.0075079841498688,0.0093562745874241,0.0158363202133926
2022-03-21,-0.00785128458918998,-0.00635824680017941,-0.00382277054456707
2022-03-22,-0.0018942689256185407,0.00245234015267258,0.013225832443744201
2022-03-23,0.00634645830669704,0.00021325659033281995,-0.01014570747570215
2022-03-24,0.0043489325207486,0.00742105191994657,0.01635988057730307
2022-03-25,-0.00441500417779094,-0.0016414568067912906,0.00014901210335568015
2022-03-28,0.0026243846121545207,0.0050123762773077694,0.01143642967916521
2022-03-29,0.00805871615273198,0.00973293764530204,0.0143083765974212
2022-03-30,0.0022583159821901403,-0.0005605688917171298,-0.00721250907154525
2022-03-31,-0.00510759925431932,-0.008467509552238359,-0.0121110044142889
2022-04-01,0.0013833568309050603,0.0022060970678393203,0.0005628109011091402
2022-04-04,0.00161600136330722,0.0035396109285971596,0.01302586108697865
2022-04-05,-0.01534254882441576,-0.014983063018595678,-0.018413796234139652
2022-04-06,-0.0067686116173584,-0.0081934313660846,-0.0156649748274912
2022-04-07,-0.0002403783786971399,0.0011421711282170097,0.0024515210960053303
2022-04-08,-0.004148742864297661,-0.00422703996111116,-0.00914240349771403
2022-04-11,-0.01217499576753736,-0.014506913150429731,-0.0202481960098026
2022-04-12,-0.0004988374547264802,-0.0018695457835756102,-0.0037322225772132202
2022-04-13,0.00635234999314956,0.00796094652867323,0.01494829017536145
2022-04-14,-0.01365964888612232,-0.01381512514864332,-0.01841872018703436
2022-04-18,-0.00120374604150032,-0.0009343003648910298,5.164174589353005e-05
2022-04-19,0.0004381631682271606,0.00592702743374457,0.01688347006904089
2022-04-20,0.008732775852078281,0.006082386519757639,-0.0055764602085923
2022-04-21,-0.009652181337923041,-0.01154730396120874,-0.01706651109076542
2022-04-22,-0.015437716262001622,-0.01932390058532189,-0.02469806465690243
2022-04-25,0.0027252229230289005,0.0046817236624782195,0.00974196560016542
2022-04-26,-0.007252733794457901,-0.014204085654881451,-0.0294501741789523
2022-04-27,-0.0055169802728241004,-0.00291627958070269,-0.0007569333043182901
2022-04-28,0.01177942083481948,0.016142493914410787,0.028010825336346398
2022-04-29,-0.019994079065811198,-0.02607665497444146,-0.03857897664319311
2022-05-02,-0.00823393428162704,-0.00344262420741308,0.00902218864208659
2022-05-03,0.005060211307878181,0.005037939312569209,0.0030416413652746698
2022-05-04,0.01634968778924552,0.020907076132764556,0.02963842542002135
2022-05-05,-0.025938906543035024,-0.02992657256039096,-0.04213920522143695
2022-05-06,-0.007950379556190402,-0.00783619192228994,-0.00985135691474139
2022-05-09,-0.01218384876249916,-0.01801909494485483,-0.03149060259343585
2022-05-10,0.0028630023663090602,0.0032626199222359304,0.00790538937162565
2022-05-11,0.0029879689122526403,-0.0029331891708112,-0.01925629448791347
2022-05-12,-0.0042305285402607,-0.0027193664156756102,-0.00178629640932376
2022-05-13,0.0020288991450407605,0.00909950432300404,0.02661512587499831
2022-05-16,-0.00012920771616223986,-0.0017910632026189497,-0.00752230579380553
2022-05-17,0.0021388039809964203,0.008089179562377318,0.01997044437796676
2022-05-18,-0.00749133879146108,-0.0177385587015071,-0.038538109689981316
2022-05-19,0.0014477620266327798,-0.0014864367989357297,-0.004889523995384921
2022-05-20,0.00485421364608434,0.00373669204971539,-0.0002443524342642801
2022-05-23,0.0018323202192202387,0.006754719295204958,0.014152407741908839
2022-05-24,0.00634388659186684,0.0020917437499800608,-0.01171136039868391
2022-05-25,0.0039096393519217,0.005884170562971129,0.010926950270232329
2022-05-26,0.0058126829222333995,0.01044637344691732,0.02139365012712607
2022-05-27,0.010900376462360481,0.01551396945717505,0.02638369582912711
2022-05-31,-0.01268797884890004,-0.01070464405478188,-0.005687167855374259
2022-06-01,-0.0024189568248591,-0.00455923291412904,-0.00704773128102744
2022-06-02,0.01028595392210994,0.01281208470935152,0.021362032690706252
2022-06-03,-0.00945507138424048,-0.01150716554322751,-0.01978943515525007
2022-06-06,-0.007040163521777099,-0.00414650007317438,0.0010390753682213206
2022-06-07,0.0094604824791805,0.00964710024671893,0.00922997194538643
2022-06-08,-0.0080780170867899,-0.009273843003407008,-0.00883329851136781
2022-06-09,-0.0088177189694216,-0.013589061228143769,-0.02257245372044382
2022-06-10,-0.01139643548794128,-0.017916558021740765,-0.029853591608723126
2022-06-13,-0.03302151041965792,-0.034836029719660544,-0.04157348133614383
2022-06-14,-0.007851237425733262,-0.0063922046006799,-0.0015589143483017702
2022-06-15,0.01577533701522034,0.015455861428667821,0.020054067658496103
2022-06-16,-0.007814167100263898,-0.01635167833860617,-0.032617689359417716
2022-06-17,0.00050662534770036,0.0014378738808090697,0.007264495668398691
2022-06-21,0.0025412971599646605,0.0096448898534895,0.020988850191373618
2022-06-22,0.011071955859247322,0.007560802987400829,0.0012955979884055704
2022-06-23,0.0059811948253483595,0.007733183648673,0.012189070566387869
2022-06-24,0.006980781675885439,0.014823669791995776,0.02846498460884431
2022-06-27,-0.00516288081357246,-0.0049622625201217,-0.00604664449075802
2022-06-28,-0.0066387831388617004,-0.011026523714197082,-0.022940661349777677
2022-06-29,0.005764213884657501,0.00411708429102752,0.00169356611071527
2022-06-30,-0.0009524103744654199,-0.0028477288715157596,-0.008572996853710749
2022-07-01,0.00817109365179868,0.00934283394794117,0.00855763077952993
2022-07-05,-0.00034367503257198015,0.0013693685826965596,0.01010091266956555
2022-07-06,-0.00853403611896886,-0.004595304355063501,0.00287784924122483
2022-07-07,0.0025818321333683798,0.006401759076454859,0.01581012433191012
2022-07-08,-0.00467294730415242,-0.0037729893417007693,-0.0008092345468174101
2022-07-11,0.0012561040899881604,-0.00221700030176661,-0.01352734020503659
2022-07-12,-0.0019059847240105602,-0.0038983166901308992,-0.007789026892687569
2022-07-13,0.0034432617494211996,0.0007675261595525699,-0.00198455421379168
2022-07-14,-0.007044310719606881,-0.005309400945322421,-1.8564043960802657e-06
2022-07-15,0.00949174359585242,0.0129507168778941,0.01727445751757039
2022-07-18,-0.00728161867630558,-0.00798546182614855,-0.00857599645841226
2022-07-19,0.009127382145069739,0.014831966054145,0.02564490159714973
2022-07-20,0.0017186532787253003,0.0036710264168651197,0.010740097264895922
2022-07-21,0.01380571245971994,0.01270373353261312,0.01297838950168085
2022-07-22,0.0035123816971258603,-0.00027393907843297995,-0.010797896580548711
2022-07-25,-0.003975699079243361,-0.0024803847713820697,-0.00334033262341779
2022-07-26,-0.0046628697054031405,-0.0069871597202103295,-0.014480202954477661
2022-07-27,0.010176167187359881,0.01491273215311915,0.030954613320876408
2022-07-28,0.0106385267911364,0.0111324203571844,0.0107021746845539
2022-07-29,0.005306678193697221,0.00821306983774318,0.014678128189810522
2022-08-01,0.009582357616626099,0.00601503396080803,0.0009227451644264297
2022-08-02,-0.012290333917166541,-0.010900035332769668,-0.0062457030144384505
2022-08-03,0.0130493365641044,0.01436298859699876,0.02145464043939311
2022-08-04,0.0029034871714939004,0.0011478490844691503,0.0020343492116474994
2022-08-05,-0.01244658906972164,-0.00927967685201034,-0.007140757618697471
2022-08-08,0.0076860863326734,0.00499277978089476,-0.0004664840241975399
2022-08-09,-0.0025310165041578397,-0.00324248780449888,-0.00763634871412346
2022-08-10,0.005286571478040642,0.010391689886176239,0.021703853539037872
2022-08-11,-0.00985139701273058,-0.00725663672566296,-0.0051689378435714195
2022-08-12,0.01266747830664698,0.014119453315017069,0.01752100758685333
2022-08-15,-0.0012712672374249002,0.0009261205545238699,0.00560241482361897
2022-08-16,0.00209646977734742,0.0022474031066554395,2.8188570484079906e-05
2022-08-17,-0.0083077040576145,-0.00803674676901281,-0.00958589847432131
2022-08-18,0.00123199694624116,0.0019267466717502396,0.00251315527851826
2022-08-19,-0.013280196469577482,-0.01362552259004857,-0.01673388885160808
2022-08-22,-0.011001079382978582,-0.014165673581364389,-0.0218288197606624
2022-08-23,-0.0017710126433790202,-0.00240359392295726,-0.0019316165741600502
2022-08-24,-0.00105723994547092,2.001839948999009e-05,0.0019972873717561002
2022-08-25,0.011834154003660561,0.012957696154928951,0.01588152679327607
2022-08-26,-0.01295519074693372,-0.01926348157708451,-0.03327986551434795
2022-08-29,-0.00583057064233172,-0.006387468601638789,-0.008400108276940781
2022-08-30,-0.0050652549317269195,-0.00667529492847153,-0.009710851872369669
2022-08-31,-0.00841304029322798,-0.008206227337566319,-0.00690633935908753
2022-09-01,-0.00782615544719112,-0.00448874471148116,-0.00035852917151675003
2022-09-02,-0.0001939625467586195,-0.003749001114381819,-0.01071606701403096
2022-09-06,-0.012584660292280801,-0.01027848451232052,-0.0075773224013572695
2022-09-07,0.0155459330383922,0.016540535548294828,0.01886813611554718
2022-09-08,-0.00268899665632304,0.0002441844667095103,0.004180948110292031
2022-09-09,0.0081591729960273,0.010515812340794468,0.01736731483094197
2022-09-12,0.0020258657677250003,0.004490231782633139,0.009420105148531342
2022-09-13,-0.019064257828398722,-0.026692315457887295,-0.04457853225683469
2022-09-14,0.00213125085343986,0.00293553785788243,0.005836546030127
2022-09-15,-0.008536188744056681,-0.0088741367989747,-0.012932798956468662
2022-09-16,-0.005275998123720441,-0.00652318376108177,-0.006942592374598
2022-09-19,0.00418993250497624,0.0054304775181238905,0.007229139541788321
2022-09-20,-0.0097208269793191,-0.01044891240387123,-0.00957398641998718
2022-09-21,0.0006522114293564398,-0.00497610429365909,-0.014255280809508511
2022-09-22,-0.01369486242453282,-0.012762198094053438,-0.012068631665412081
2022-09-23,-0.00852335947867638,-0.010555130009913639,-0.014434424891519098
2022-09-26,-0.01392798939144324,-0.012832177548850349,-0.00793701358052503
2022-09-27,-0.01114340726984824,-0.00922577906917348,-0.0034536085352368604
2022-09-28,0.025420498366186366,0.023928886765760358,0.02116461168367133
2022-09-29,-0.01046463409747928,-0.014105401344243889,-0.02328680253435905
2022-09-30,-0.011337001459537763,-0.013145151324396451,-0.01595491079025767
2022-10-03,0.0217783170960327,0.02303866928859271,0.02387969974950351
2022-10-04,0.014143244180656961,0.01918703049736266,0.02783579099329048
2022-10-05,-0.00586354855151942,-0.004819182299281019,-0.00215328322371601
2022-10-06,-0.0065749490654102806,-0.00796964193346199,-0.0086186160994505
2022-10-07,-0.01723343433318604,-0.020745082584066477,-0.03118048806079866
2022-10-10,-0.012312750644884239,-0.01076513442699389,-0.009606813196729218
2022-10-11,-0.0011746328518529201,-0.00267799248317412,-0.00895969282944306
2022-10-12,0.00171334978261252,2.8001336471149925e-05,-0.00100016692528271
2022-10-13,0.00534494470868272,0.01227216305435299,0.021325970620927632
2022-10-14,-0.01490718850960678,-0.01739398515357779,-0.02496903917972655
2022-10-17,0.00890596362962026,0.014244691610663789,0.02630237766195241
2022-10-18,0.006068019100547781,0.00796839114583356,0.00888841202251792
2022-10-19,-0.012796533661832,-0.01105341922729984,-0.00647850324553694
2022-10-20,-0.010507832443824262,-0.01031736614926563,-0.00761434757120065
2022-10-21,0.006077028375418839,0.010956817902790378,0.019642206933938807
2022-10-24,0.0009401015726452009,0.00453826574451652,0.00956882018627652
2022-10-25,0.01848801978187434,0.018542664542017348,0.01964160157426618
2022-10-26,0.00402203463959502,0.00043808949627613977,-0.012621059301008769
2022-10-27,0.0017426117429836202,-0.00021761055952841055,-0.01019188203105712
2022-10-28,0.004724532587894381,0.011191159218572909,0.02412919276115127
2022-10-31,-0.00737292419233168,-0.0072886529795690705,-0.009416093388730432
2022-11-01,0.0040285435563735,0.00119846464667093,-0.00592476227376432
2022-11-02,-0.013168878690411463,-0.0170568751587713,-0.02761107136050222
2022-11-03,-0.007038855532197401,-0.008177895661380219,-0.01442586562730067
2022-11-04,0.00517625986847836,0.00666528875623867,0.01211977082170104
2022-11-07,-0.0009567324895177001,0.0023503048171903992,0.0083258599605785
2022-11-08,0.01115199690564652,0.008827691046070289,0.0068953543808945306
2022-11-09,-0.007929399995047461,-0.01187682568876658,-0.0194503841148779
2022-11-10,0.043459777968583885,0.04755878011572031,0.06272324181067743
2022-11-11,0.0037270724441281406,0.00536858106499322,0.01271807085680245
2022-11-14,-0.00394584475530114,-0.00562077842055563,-0.00802343423734056
2022-11-15,0.010587217254240581,0.01032331083344989,0.01194891030859435
2022-11-16,0.005236538323141441,0.00175358392234804,-0.007689449414334429
2022-11-17,-0.0068983143060832005,-0.00572833748210035,-0.0033827322329619
2022-11-18,-0.0023135175977955203,-2.8350113432780324e-05,0.0011459449921960496
2022-11-21,-0.0008862602175341201,-0.0014760196113675099,-0.006176491473962899
2022-11-22,0.011294138693897901,0.012449003440848448,0.014003343557615552
2022-11-23,0.0107436985778716,0.009636719185849841,0.009283401741644791
2022-11-25,-0.0012738185952359,-0.0010654529852347299,-0.00371785525158853
2022-11-28,-0.006836086365663921,-0.00951897029521747,-0.01343763210276571
2022-11-29,-0.0043892712695534405,-0.00405427905104821,-0.00564426451194554
2022-11-30,0.0180983086607917,0.02238484868766862,0.036128384381561476
2022-12-01,0.016161043317517023,0.0109807977369157,0.003514034982210191
2022-12-02,0.0038776028351401007,0.00273484462902361,-0.00119569629312284
2022-12-05,-0.01623031400985436,-0.01671152489475411,-0.01698806641864943
2022-12-06,-6.640753912113986e-05,-0.004511161466305198,-0.014838105067397828
2022-12-07,0.010552284017254821,0.00695194983742294,-0.00036571412571066936
2022-12-08,0.00220578632938608,0.003962463371618981,0.00877696074880414
2022-12-09,-0.012685017302050081,-0.01193204921126816,-0.00877775659880297
2022-12-12,0.005393739424257401,0.00878345166719417,0.01236232089627882
2022-12-13,0.01030649369738886,0.00914675514379589,0.00936854070444601
2022-12-14,-0.00133552301958552,-0.00279805053292674,-0.005837189378537829
2022-12-15,-0.011495718543099439,-0.015142291762768878,-0.02618283620781911
2022-12-16,-0.007449084110850721,-0.00956408397917556,-0.010606622921174352
2022-12-19,-0.010677474626668161,-0.01041114381472224,-0.01209915857107276
2022-12-20,-0.00323659870838686,-0.0028466372432209798,-0.00161767455516735
2022-12-21,0.00665523926317064,0.009559950323798428,0.01348552822476611
2022-12-22,-0.00820076412667456,-0.00982619760472432,-0.017958443710693342
2022-12-23,-0.0029634966897166,-0.00064685034864138,0.0019593232633788194
2022-12-27,-0.007800523337643722,-0.007454897025241779,-0.010623539864039671
2022-12-28,-0.00822905871287532,-0.00967487814439454,-0.01216198424828498
2022-12-29,0.01286017091894112,0.01476534825381221,0.0205230039708291
2022-12-30,-0.004567704168178719,-0.0044499125010911906,-0.0024663218630230303
2023-01-03,0.007623774853233181,0.0040362946449509895,-0.0031556515110923496
2023-01-04,0.010450509308876199,0.00968332207845327,0.006840223887004721
2023-01-05,-0.00538332583045148,-0.00683888180966035,-0.01197446426609076
2023-01-06,0.02027314290302614,0.021149040164957198,0.024813134728350127
2023-01-09,0.00235179246055562,0.00148157202161361,0.0035424815127858
2023-01-10,-0.0030795876916880605,-0.00038965791863800997,0.00538240615894957
2023-01-11,0.011422430327637378,0.012395513754288979,0.015334381594011341
2023-01-12,0.01164271193539498,0.00924590525223027,0.00612655452652613
2023-01-13,0.00020301215685261968,0.00071599956580764,0.004054809780428179
2023-01-17,-0.00462720356059688,-0.00369272084639686,-0.0003647615627124703
2023-01-18,0.0028030595621376,-0.0024905367914470904,-0.01039190441807849
2023-01-19,-0.0022421476826147402,-0.00465897944402244,-0.008450192477982371
2023-01-20,0.00029998514955550037,0.0059804692942480595,0.01951386103989331
2023-01-23,0.0032956665944838203,0.005976549502955609,0.015436943466668402
2023-01-24,0.0060463217080745394,0.00403177158549352,-1.2400282832049966e-05
2023-01-25,0.0020407560107509,0.00141281675183784,-0.0007171077050299599
2023-01-26,0.0007241874843308999,0.004292999109634719,0.01367949569246477
2023-01-27,-0.00036904345361204007,0.00048222920480168996,0.00564382766219081
2023-01-30,-0.00699400962671058,-0.008881267078044831,-0.01549358011370139
2023-01-31,0.00980659307761068,0.01158415552207535,0.01417391077049426
2023-02-01,0.01157889624941414,0.011242650624223659,0.01614501689258679
2023-02-02,0.002190127519920161,0.00704733354616115,0.02389724497272252
2023-02-03,-0.015225472533151221,-0.013359998799270441,-0.01463356242990658
2023-02-06,-0.00499108190453224,-0.0056804474280644805,-0.0074143608869604105
2023-02-07,0.0022051697007901007,0.0055313924428798305,0.014788150090197082
2023-02-08,-0.0019757360617056203,-0.004885776936234299,-0.012788436074208641
2023-02-09,-0.008839635989821201,-0.00883489003697982,-0.00883404383218732
2023-02-10,-0.00316095664181392,-0.0017659303221188405,-0.00346710395286628
2023-02-13,0.007046359565236041,0.009060258532540938,0.013545044737160769
2023-02-14,-0.00095407093494128,-0.00089128542948891,0.0032802994539032296
2023-02-15,-0.004424037234155941,-0.0018455843148287106,0.00419702673878726
2023-02-16,-0.011338677800919201,-0.01259375613497732,-0.01630646108421842
2023-02-17,0.0027086066564001006,0.0011327206265131602,-0.00374942560073704
2023-02-21,-0.016546724516465078,-0.018241476173121912,-0.021805756749475318
2023-02-22,0.00198933030417826,0.0013598750954380598,0.0007392894530378301
2023-02-23,0.00593048631258414,0.006070227941979809,0.00747210364927694
2023-02-24,-0.010912232406877841,-0.01102915337441147,-0.0139451229721047
2023-02-27,0.0032554564730136403,0.0032672857117494003,0.00522007101367258
2023-02-28,0.0012501694518925002,-0.0003989063981736401,-0.00167030228239254
2023-03-01,-0.0046771012713245205,-0.00494721717355647,-0.006628344155346861
2023-03-02,-0.0005532514600608397,0.0019474974959190394,0.00636214490199871
2023-03-03,0.018250251932732418,0.01796290919206362,0.01917458110825486
2023-03-06,-0.00383310031034294,-0.00241485865115724,6.896211973923003e-05
2023-03-07,-0.00717453190665514,-0.00910546553433661,-0.011651044570276941
2023-03-08,0.0009511204476222001,0.0012266575579820698,0.0032483070397821205
2023-03-09,-0.0044279793056609795,-0.009348365164450919,-0.01579747836842628
2023-03-10,0.01233522683188154,0.0038444419357918694,-0.00934488538741785
2023-03-13,0.0049287132418476196,0.00212153198373044,0.0033653538716784297
2023-03-14,-0.0011227907849400201,0.004406476443613318,0.01645777246266683
2023-03-15,0.006783202001368519,0.0028208773995285503,0.0020523519234802896
2023-03-16,0.00429303684401494,0.00838235769280802,0.01941606318964705
2023-03-17,0.00715054891056476,0.0003990964680120404,-0.00553924681909124
2023-03-20,0.0004034727925881401,0.00316826760448812,0.004741015108729951
2023-03-21,-0.0019598773940812803,0.0034129496612992196,0.01153426618711796
2023-03-22,0.0019191013261598009,-0.00452560850590073,-0.01228421581821783
2023-03-23,0.00358903178885358,0.00287591246615539,0.0070103713692308
2023-03-24,0.0020659111367157595,0.00408057530529761,0.00488780526522363
2023-03-27,-0.01049971537921342,-0.006850974316527649,-0.00502666092001574
2023-03-28,0.0014683575076752603,1.840701646873015e-05,-0.0033716595688438
2023-03-29,0.004018201201328861,0.007622180521279231,0.01473000418065185
2023-03-30,0.00599064233911548,0.00579760383571391,0.00753504185084087
2023-03-31,0.010587701068512761,0.0124297791760767,0.015451206126027073
2023-04-03,0.00484621026836742,0.00441755860655761,0.0007793806988011
2023-04-04,0.0034978575972583,2.6935557263600132e-05,-0.00340877657332785
2023-04-05,0.00297482804976062,0.00148552946733387,-0.00493811153949939
2023-04-06,0.0011680837767636598,0.0024029999018997,0.005190109128878971
2023-04-10,-0.0075191555721149,-0.004961441368988229,-0.00148493185727793
2023-04-11,0.0021955297743896803,0.0014111676717335803,-0.00289547820075056
2023-04-12,-0.0010645503941916204,-0.00226544382484264,-0.006150017916652281
2023-04-13,0.004872881757209721,0.00696368762164973,0.014318462365922071
2023-04-14,-0.00817766453724886,-0.00598052426205652,-0.00283177930367569
2023-04-17,-0.004213802697073601,-0.0018612121399454202,0.0006694765832803301
2023-04-18,0.00246236402250036,0.0018484147538941698,0.0006485364147889789
2023-04-19,-0.0014071124705339,-0.00086711585249477,-0.00039881002605157
2023-04-20,0.00202459636000128,-0.00031559096788793026,-0.005140008027462169
2023-04-21,-0.00391454062689826,-0.0022084346933187397,0.0002705099524063899
2023-04-24,0.00489492371673696,0.0038321975448024396,0.00034237625764776004
2023-04-25,0.0005495310649999805,-0.00460429399081705,-0.014310892019498641
2023-04-26,-0.007045071851619841,-0.00628264068449963,0.00027226573616078993
2023-04-27,0.00400488424666154,0.0089733327542879,0.02056630257697388
2023-04-28,0.009920491287951319,0.009987408845941419,0.00847656294681556
2023-05-01,-0.012836012910874661,-0.00970536020996614,-0.0038609495509550106
2023-05-02,0.009331846234938181,0.00266231512115682,-0.00636443963621942
2023-05-03,0.00118283519566534,-0.00159606666515215,-0.00545946682798777
2023-05-04,-0.0053779746846727,-0.00651000719225135,-0.005585921262384899
2023-05-05,0.0029450690431239196,0.00854498121027387,0.01769975946473546
2023-05-08,-0.0052539338965842015,-0.00392186019826945,-5.618925588760006e-05
2023-05-09,-0.0017680115388019999,-0.0029959431585659694,-0.005278443174597571
2023-05-10,0.00546500547433128,0.00557195668155842,0.00828034674460373
2023-05-11,0.0018145485977919002,0.0012668177130538698,0.00198950295899137
2023-05-12,-0.004213772822369,-0.0034679059342869302,-0.0031543496200407803
2023-05-15,-0.0023347873758685395,-0.0008231564006202602,0.0030516638841690596
2023-05-16,-0.00637458222412962,-0.00616071481604383,-0.00240739528533722
2023-05-17,0.00299689891958996,0.006062449384754729,0.010616097958683601
2023-05-18,-0.00170494083120214,0.00225989837620096,0.01239900848776033
2023-05-19,-0.0014307567556257604,-0.00200455525596188,-0.00241583496742685
2023-05-22,-0.0017302958210459402,-0.0010588137341193,0.00148540041894877
2023-05-23,-0.0030973992764864807,-0.0057499166567217905,-0.01053940057195745
2023-05-24,-0.00649118989252654,-0.00663842327138882,-0.0059576584079890004
2023-05-25,0.00054547372702448,0.00348801372297116,0.015381827147954222
2023-05-26,0.00921036847028206,0.010593150425769809,0.01876313518780808
2023-05-30,0.005387032208594201,0.0038450655370432397,0.00341918100673804
2023-05-31,0.0015762069581706601,-0.00055833367502514,-0.00418952363825772
2023-06-01,0.006949404135162361,0.007667435589469491,0.00996865285210376
2023-06-02,-0.0015483316357857396,0.003914488369111919,0.008438614990577891
2023-06-05,-0.0003073941014100801,-0.00110642928682702,-0.00060028902879413
2023-06-06,0.00344814355501778,0.0031844219121269497,0.00137576201916506
2023-06-07,-0.00972261103396038,-0.00772874859556329,-0.011350074213223
2023-06-08,0.00974042929356636,0.00845934816727681,0.009795750732940381
2023-06-09,-0.00036799951154855995,0.00039650482553494997,0.00249191387091953
2023-06-12,0.00463039565209364,0.00623830140744822,0.01237159295569825
2023-06-13,-0.0027885260040582203,0.0002548712546275297,0.00549119245338674
2023-06-14,0.0037883900019815603,0.00317087653872684,0.0049104213161577604
2023-06-15,0.01020757938548956,0.01102338496448207,0.01187749213210614
2023-06-16,-0.00322376911544136,-0.00336267749907355,-0.00489721343457032
2023-06-20,-0.0013773034274106996,-0.00207184180828175,-0.0020990151221112
2023-06-21,-0.0013709516414385603,-0.0024930867888543003,-0.00862152786128342
2023-06-22,-0.005367619464102901,-0.00244697453973383,0.006136247885059469
2023-06-23,0.0015154847982679603,-0.0012692482906485202,-0.0069835970645827
2023-06-26,-0.0008606683556427002,-0.0019581601669014298,-0.00823064022723093
2023-06-27,0.00242251375603652,0.00533553218151952,0.01272135395050466
2023-06-28,0.0014462145265868804,0.0013513680897343603,0.0016040331510679701
2023-06-29,-0.005857323248979361,-0.0031570208779812597,-0.0012295728560616302
2023-06-30,0.0107710589171459,0.011285337110900009,0.01360984277044821
2023-07-03,-0.0015831714430433002,-0.0008983183015234698,0.0010707920186169297
2023-07-05,-0.005101714984483321,-0.004095935038356579,-0.001558661956243362
2023-07-06,-0.009385472855650641,-0.009239266635750169,-0.0083544192917245
2023-07-07,-0.0019174809593439602,-0.0025706029476511394,-0.00327182657905561
2023-07-10,0.00169395420331264,0.00199064046531755,0.0013074615415845298
2023-07-11,0.005353232133174361,0.0057380844492199694,0.00553174794422119
2023-07-12,0.010379065075107542,0.009520997141653172,0.01064638318494005
2023-07-13,0.0075227694914271,0.00798737989865091,0.01271539551009816
2023-07-14,-0.0032418244154340603,-0.00245885947465151,-0.0009434688074555801
2023-07-17,0.00172949487244666,0.00230293699641287,0.00610746922467734
2023-07-18,0.00707921583022312,0.0069657922263634195,0.007516604152437811
2023-07-19,0.00544090966263868,0.0047396500956535005,0.00190255689327231
2023-07-20,-0.00852324079284422,-0.00812963027163431,-0.01539407062424715
2023-07-21,-0.00049488595774392,-0.00021793780732818003,-0.00147002444838992
2023-07-24,-0.00052410607801294,0.0011611965595872103,0.0022219326230248798
2023-07-25,0.0014556959103636203,0.0016323988593182999,0.00429333397522514
2023-07-26,0.00143261164448218,0.0008765745722243399,-0.0015029193132301498
2023-07-27,-0.013575474004918039,-0.01138495910837457,-0.0057892489735250005
2023-07-28,0.00756676407325936,0.00821310401085848,0.01353705111292495
2023-07-31,0.0022623878583442002,0.00213327130972093,0.0012628013121231802
2023-08-01,-0.009772421241430301,-0.00766955573357744,-0.00394312378458834
2023-08-02,-0.010797042324920162,-0.01203274251877413,-0.017606271499703
2023-08-03,-0.01044167663286834,-0.008674290103714481,-0.00425478015782936
2023-08-04,0.0059997623733668605,0.00296193521181074,-0.00237883625249414
2023-08-07,-0.0009002275537477009,0.00205718940492263,0.00674072563644533
2023-08-08,0.0016376014428136202,0.00024063719781821963,-0.00482934013238469
2023-08-09,-0.0015572236775874804,-0.00293553752227355,-0.007654272331664211
2023-08-10,-0.006655226894490539,-0.00483030592112126,-0.0005785048883978398
2023-08-11,-0.0011538861826935602,-0.0010404049899248099,-0.00365127261145513
2023-08-14,0.0007192181691914998,0.00234747549263722,0.00759901377273482
2023-08-15,-0.00762854726101992,-0.00908335756835848,-0.01057498959852642
2023-08-16,-0.007219966656008641,-0.00732757814070294,-0.009012024452589971
2023-08-17,-0.00506059577144386,-0.006004579828851071,-0.00893581525267549
2023-08-18,0.0016393318169696202,0.00136537634447979,-8.169760116646994e-05
2023-08-21,-0.0021819900636504005,0.00017851495937663028,0.009325214023215529
2023-08-22,0.00231601873785292,0.0008419469835879499,-0.0010305040649087101
2023-08-23,0.01639889319354638,0.01513223785942793,0.014817036998432093
2023-08-24,-0.008225993383058261,-0.01031593303656366,-0.016890778765500082
2023-08-25,0.0038676735999056805,0.00508029356779289,0.007022217190694001
2023-08-28,0.0035308109700587405,0.00440699681196775,0.00640505594238698
2023-08-29,0.011890009688441781,0.01276550903409493,0.017740479793823538
2023-08-30,0.00173259161894798,0.0024100323446329197,0.004332161714342879
2023-08-31,0.0008695776402863402,0.00029631920878218015,0.00136070312674026
2023-09-01,-0.0053853322890832,-0.0035044445928420296,-0.00134088210677988
2023-09-05,-0.00896984143888928,-0.00761585010138529,-0.00249526661181275
2023-09-06,-0.00261219842574002,-0.00374916943981446,-0.0068470220679272996
2023-09-07,9.500316023902013e-05,-0.0009032607994841901,-0.0045266087948624
2023-09-08,0.002201678692,0.0020862669177295896,0.00168424189492374
2023-09-11,0.0001189171704000998,0.0019695049686836094,0.007801404347265459
2023-09-12,-0.0009201301513463999,-0.0020779362716316103,-0.00716209239349861
2023-09-13,-8.049592262507994e-05,0.00040493997613726005,0.0023497021078831503
2023-09-14,0.0006634583594765598,0.003058883187707129,0.00681579559154885
2023-09-15,-0.00593629957729574,-0.008396931815590498,-0.01399030719971713
2023-09-18,0.0036927219241370203,0.00265111001260571,0.0013260106190899
2023-09-19,-0.003971327068334,-0.0035532829878852598,-0.00263331524976581
2023-09-20,-0.0022822687478943,-0.004505971862637499,-0.0105700442967859
2023-09-21,-0.0183306854716713,-0.0183441019600352,-0.018340980618374497
2023-09-22,0.0029603303710882406,0.0013856540558389201,-2.4591371941199975e-05
2023-09-25,-0.009191627418704941,-0.005374606275659939,0.0015960243856242796
2023-09-26,-0.0088651317037295,-0.010656696579793429,-0.01373225070782563
2023-09-27,-0.00438406264033028,-0.0025499758893682903,0.0008137032858846501
2023-09-28,0.0025410975728053405,0.00389494615696747,0.006807099599420951
2023-09-29,-0.00298085305227008,-0.00244999937863743,-0.00059656688072289
2023-10-02,-0.00895486564095522,-0.00631052663973926,0.0023397660404097503
2023-10-03,-0.01453678572011234,-0.014773984028225757,-0.01628041423755314
2023-10-04,0.0085323118365796,0.00858967525597988,0.01112784617286168
2023-10-05,-0.0025112123870512197,-0.0019047391369033098,-0.0021223170369195996
2023-10-06,0.0009328403796991,0.00400378679008783,0.011915063659330979
2023-10-09,0.015625958355357843,0.0127208779195408,0.007457886588739181
2023-10-10,0.0011932104553127002,0.0025402425563522996,0.0047126189489207
2023-10-11,0.011453616339799001,0.009453958858761258,0.00729477916794406
2023-10-12,-0.013899723681043561,-0.01210124753784388,-0.00688883956316945
2023-10-13,0.0115943564003805,0.005594157189118621,-0.006487988484281129
2023-10-16,-0.0032019873047693607,0.0009981382424120795,0.008252247071076711
2023-10-17,-0.00405594503290005,-0.003148484790768914,-0.0027582060905391396
2023-10-18,-0.005954989135749879,-0.009187289119121391,-0.0127687075075689
2023-10-19,-0.009249101020517101,-0.01018641809043229,-0.01024030430361094
2023-10-20,-0.00209759836847522,-0.00539613691956733,-0.01180634562130247
2023-10-23,0.00343667769105072,0.00222637014811644,0.00201681983952308
2023-10-24,0.008264539573541299,0.00846566634244863,0.009197460116761981
2023-10-25,-0.013803756416173362,-0.01486893878550208,-0.02020498688221845
2023-10-26,0.0016614136847990604,-0.00242520196086499,-0.01278953776054622
2023-10-27,-0.0011866427774808006,-0.0028312706200710096,0.00016275760085424003
2023-10-30,0.0018525380294715803,0.005258123399094911,0.00996436687399167
2023-10-31,-0.0005318587617004599,0.0017580300053286597,0.004415214397501389
2023-11-01,0.01230878967135608,0.012588555036805178,0.01511256992637534
2023-11-02,0.01744917954235694,0.01866993815243471,0.01902196110060489
2023-11-03,0.0070885096681867,0.00787147267441078,0.01020167245548683
2023-11-06,-0.0045183420294482805,-0.0023089814410092403,0.0019898224853239
2023-11-07,0.0062094372237319,0.00571812653398151,0.00733977994598381
2023-11-08,0.005112948371094961,0.00455283868305754,0.00231835805065091
2023-11-09,-0.011523495095358839,-0.01118139688507335,-0.009267492167656979
2023-11-10,0.0063001340916317,0.009952046700670708,0.01804313772621501
2023-11-13,-0.00017639885296554013,-0.00069681095810283,-0.0021679026558083098
2023-11-14,0.018611293824385963,0.019332721709791258,0.020790246631227433
2023-11-15,-0.0052941473302831,-0.0032036834586638995,-0.00018023497940650017
2023-11-16,0.007717128671189741,0.0055904702477405106,0.00215981827710839
2023-11-17,0.0023503762529488597,0.0021413951731683698,0.00108277411051339
2023-11-20,0.005195623267204101,0.00628763201617965,0.009777282970942248
2023-11-21,0.0011112063281012601,-0.0003602758992551397,-0.00382067596557517
2023-11-22,0.0021055766835783203,0.0029505033760120697,0.00394423989278351
2023-11-24,-0.0034236384013329796,-0.00264316805765787,-0.00163633853690903
2023-11-27,0.00730880416857322,0.00460440081655573,0.0005135042774641202
2023-11-28,0.0038509586456205004,0.00251868995494123,0.0019037584888579799
2023-11-29,0.0050428162793402405,0.0034970687918519797,0.0004886337333959601
2023-11-30,-0.00387905819660648,-0.0015196470517408898,-0.0008372107502628999
2023-12-01,0.013354314679684181,0.01092692041205981,0.0056772405727911705
2023-12-04,-0.00801406722636106,-0.00650470363080464,-0.00713939897528911
2023-12-05,0.0077595264850228995,0.0059495417064416,0.0033252257245911998
2023-12-06,0.004452741963158801,0.0019462803255501904,-0.00317205564710916
2023-12-07,0.00108739757108324,0.003022117818096419,0.00946447341600635
2023-12-08,-0.0042216229704368,-0.00120944404581974,0.0031298003565476597
2023-12-11,-0.0014989737822035602,0.0005948148469903996,0.00561536287564973
2023-12-12,0.0029051985862194006,0.00357629459753365,0.006105767708263101
2023-12-13,0.01941331817837798,0.01756888070582118,0.014220900408237392
2023-12-14,0.012861561779161042,0.010315833109779519,0.00345157804583695
2023-12-15,-0.0020476451127663204,-0.0015713468317472704,0.0018694550166524397
2023-12-18,-2.8078875332099946e-05,0.0014391928094818801,0.00460262888402298
2023-12-19,0.0059505415886639,0.00594647301078537,0.00552595428790892
2023-12-20,-0.003921998564354181,-0.006826378564670501,-0.012295252541378011
2023-12-21,0.0026757730453868204,0.0044978414981878,0.00897772277544484
2023-12-22,-0.00012875934482037992,0.00028462866047133993,0.00109700972279668
2023-12-26,0.00435052158721166,0.00414861503895828,0.0050341997981114
2023-12-27,0.008718726684499701,0.00685458323024663,0.00351304688497103
2023-12-28,-0.0039172294097388404,-0.00253381670781758,-0.0008182627099526601
2023-12-29,-0.00507922658554884,-0.00459957372411339,-0.0042238317435201195
2024-01-02,-0.0050152666175785395,-0.0053226496721964,-0.011276083920540482
2024-01-03,-0.0032658032134050205,-0.00448255586615672,-0.008140374823937011
2024-01-04,-0.00716529083375572,-0.0063905013077759695,-0.00538105680484771
2024-01-05,-0.00324687018225286,-0.0020321748147138696,0.0001842034449463099
2024-01-08,0.008093586676670319,0.01074377879755773,0.01703097421354532
2024-01-09,-0.0030933077306425404,-0.00279104729850121,-0.00025665391321994
2024-01-10,-5.846882702652002e-05,0.0017671303887080597,0.00518520144024112
2024-01-11,0.00246447149464902,0.0016175259171947003,0.00142565730821439
2024-01-12,0.00145014457111042,0.00080573961226768,0.00033716861439426994
2024-01-16,-0.010411539853924182,-0.00843563779358098,-0.0032787631319034557
2024-01-17,-0.00505932508742642,-0.0049113048011184,-0.00520202328355244
2024-01-18,0.0014854605255790803,0.00337029456670121,0.00972472412605262
2024-01-19,0.006863613029921181,0.00873815795100893,0.01522180728371549
2024-01-22,0.0024708675779712202,0.0026763059056095703,0.00209381666744481
2024-01-23,-0.001223063824305,-0.00023729140906842967,0.0024490651669247195
2024-01-24,-0.0035550055470325997,-0.0019259502390486798,0.00262617432683147
2024-01-25,0.00558343144415804,0.005620726722795879,0.00343956419830081
2024-01-26,-0.0014134419718838602,-0.00140644708095294,-0.0036784774966675104
2024-01-29,0.009185954241889581,0.008912333749546199,0.009439565581932262
2024-01-30,0.0035930888129838802,0.0023937426650514,-0.00273110871195229
2024-01-31,-0.00274723472585994,-0.006918506339540949,-0.015337949716137729
2024-02-01,0.0151618078600077,0.014777815431123472,0.01308460744118392
2024-02-02,-0.006515205798699399,-0.0012555314318774794,0.01045244095075277
2024-02-05,-0.010636652571449981,-0.00879412965865054,-0.00412858140301945
2024-02-06,0.006115659301910141,0.00519646675268629,0.0011350187774154701
2024-02-07,0.0013473306896394598,0.003525887550731709,0.007997363812039181
2024-02-08,-0.00232948721431594,-0.0015694979155668398,0.0005211944212296799
2024-02-09,0.0007283566513285401,0.00247387565800131,0.0070312681274295906
2024-02-12,-0.0002292173976042001,-0.00017300121120303005,-0.00201470342045028
2024-02-13,-0.0151208663068329,-0.014783130628235018,-0.015021205504781822
2024-02-14,0.0055514871393896196,0.0069197019424031905,0.009592514036547631
2024-02-15,0.00617311449694284,0.00636354552549288,0.00476592946289871
2024-02-16,-0.0035744264198729,-0.00435790297901541,-0.0071045041506738104
2024-02-20,-0.0006444142828587601,-0.0024381544963396396,-0.00589003059225586
2024-02-21,-0.0024706370976786537,-0.0015838976141387066,-0.00234954325110188
2024-02-22,0.010316164921429621,0.013924415535057608,0.023404260719821553
2024-02-23,0.0067608237184364,0.004994958188309801,0.00014212520874404993
2024-02-26,-0.0031034764895651397,-0.0033150280716701297,-0.0020265182686728597
2024-02-27,-0.00229025243262116,-0.0011072120424187497,0.00124051172793233
2024-02-28,0.00237266180400716,0.00129257956644731,-0.00255605187504147
2024-02-29,0.005291003163941261,0.00478921075406492,0.006428487580906641
2024-03-01,0.010029994461939841,0.009393418373270571,0.0119067963992752
2024-03-04,0.0011968901268641801,-0.00023280194620402,-0.0026152980582735603
2024-03-05,0.0029030872095855403,-0.0011219309406509596,-0.011548344311081031
2024-03-06,0.00601725625407808,0.00562234816225342,0.00575572709395828
2024-03-07,0.00473216056434622,0.00624280840915684,0.011465656514852979
2024-03-08,-0.0014193325793389405,-0.0032877532713615097,-0.00979548341176689
2024-03-11,-0.00018582451468942006,-0.00048905980712261,-0.00225255729897235
2024-03-12,-0.0012298259797434404,0.002851885360028849,0.01063430369798827
2024-03-13,-0.00116474652691148,-0.0016941889388414697,-0.00495485134523138
2024-03-14,-0.007768371790263861,-0.00621055018561265,-0.0035869270533555203
2024-03-15,-0.00351470067764062,-0.00453629898082183,-0.008722420531336969
2024-03-18,0.0014926929257223806,0.00282235219503822,0.00684474063844128
2024-03-19,0.0031150484186972206,0.0040609033450105195,0.00374906769347171
2024-03-20,0.00595307344790604,0.006644051370331501,0.00959592315995603
2024-03-21,0.00197544426784078,0.00252489833279656,0.00390324715205092
2024-03-22,0.0014617009774987601,0.0009285441735522098,0.00076964413733048
2024-03-25,-0.0024666892968880005,-0.00283856944010883,-0.0034198615072827303
2024-03-26,0.00102024353354106,4.9429164553900105e-05,-0.00207950509156973
2024-03-27,0.008776849912619981,0.008741727504581421,0.00605627580874173
2024-03-28,0.0021657154531978602,0.0009219736509698503,-0.00108252575112203
2024-04-01,-0.006110785523183981,-0.00561547254593992,-0.00150154055457243
2024-04-02,-0.0017931157262887003,-0.00399087779113438,-0.00740942543507198
2024-04-03,0.0021070635730346204,0.0014712395666778401,0.0015398876175579802
2024-04-04,-0.0031604087818369207,-0.005745362478330099,-0.01181052720127454
2024-04-05,0.0020339954080417803,0.0038038436609415804,0.00867878485111724
2024-04-08,0.0014256085248783201,0.00092557636738551,0.0003604140033259
2024-04-09,0.00528298610563796,0.00403444264634605,0.0032426428442006703
2024-04-10,-0.014615471064933983,-0.01349237781922319,-0.01054888298228005
2024-04-11,0.005087569191183841,0.0051080551272891,0.01054842200722358
2024-04-12,-0.006031221326974621,-0.00800235855699772,-0.012957653686865411
2024-04-15,-0.007469577705563061,-0.010296554470176229,-0.0147873500759042
2024-04-16,-0.0031401340737111406,-0.00296335621387553,-0.0013467865273720653
2024-04-17,0.0005985011031013003,-0.0009581828657186704,-0.007358135463166921
2024-04-18,-0.00215615216149326,-0.00240523623534818,-0.004180351932390049
2024-04-19,-0.0014239910309688203,-0.0038430519416789996,-0.01347568453911359
2024-04-22,-0.0019298865819494006,0.0025504498679255598,0.00854381162646841
2024-04-23,0.00438976756980792,0.006975268925848711,0.01224179214596225
2024-04-24,-0.0033925009112997203,-0.00259380404629848,0.0007962814557874299
2024-04-25,-0.00313222708168346,-0.00378697608853508,-0.004635793574337601
2024-04-26,0.0065341207913415,0.0075806616640591,0.012029403147972552
2024-04-29,0.0043647881564941,0.0044375801549291,0.00428535580559335
2024-04-30,-0.013740319989893121,-0.01406075420028655,-0.01661860356176224
2024-05-01,0.00346193191879684,0.0011692149469972103,-0.00417704952613401
2024-05-02,0.004840275845469821,0.0065905773647193895,0.010552093457086631
2024-05-03,0.00884624531563434,0.01039314646441783,0.01601925215062586
2024-05-06,0.0077927805491431,0.00841674299186865,0.00999704304944125
2024-05-07,0.0019605497538508006,0.00203143744216623,0.0011306855814888302
2024-05-08,-0.0029740319753544997,-0.002054471814253489,-0.0008627349658467895
2024-05-09,0.007411838669817101,0.006498508119268279,0.0038833351937682297
2024-05-10,-0.00011293915975451978,-0.00010389750684224985,0.00113170900069156
2024-05-13,-0.0011659782870383998,-0.00027408628155076,0.0014625579219351903
2024-05-14,0.005785509713909,0.005292442595483529,0.00561577991049263
2024-05-15,0.012980022056889041,0.012808071459244091,0.014133227073085522
2024-05-16,-0.0019926098406603202,-0.00191711747319733,-0.00193647772012112
2024-05-17,0.00117913922068406,0.0004907288550683904,-0.00034218632012129006
2024-05-20,8.40432110309797e-05,0.00020752279034185996,0.00365183673900857
2024-05-21,0.00275019939035338,0.00287186689022773,0.00247491318726979
2024-05-22,-0.0043461585000754005,-0.0032047746945324104,-0.0011303931163477601
2024-05-23,-0.00948398393456328,-0.008306972812266899,-0.00581415962531696
2024-05-24,0.004017171509123021,0.004951477024215919,0.0076711016392211106
2024-05-28,-0.0033521246849884,-0.00283016223874896,0.0007347771297303899
2024-05-29,-0.009502383173035782,-0.008762314974847349,-0.007535390410197811
2024-05-30,0.0015918471555293001,-0.0008910617818850096,-0.007043629523583809
2024-05-31,0.00518630129867886,0.006915362638607719,0.00339209008228449
2024-06-03,0.008579514584094701,0.00623331903900894,0.00462821394896844
2024-06-04,0.0033243712496693204,0.0032775696684452502,0.00298365139256024
2024-06-05,0.01005818090118604,0.01051683787987664,0.01556759235506002
2024-06-06,0.0008710529299231466,0.00027816496304676984,-0.0003299423613781535
2024-06-07,-0.01496127007132378,-0.009801510008970189,-0.0027632744542404504
2024-06-10,0.0004028900450696595,0.0007707249475901499,0.00258892712776472
2024-06-11,0.0056714997923764205,0.00483326072567735,0.00542887611492064
2024-06-12,0.00682302340426124,0.0074480440389711,0.01058537502827163
2024-06-13,0.005055142426268881,0.0048029519602563195,0.00498547749008758
2024-06-14,0.006201425833359581,0.00418557309366193,0.00367551679931349
2024-06-17,-0.0018264874157824802,0.0012774347857204995,0.00831557153704374
2024-06-18,0.005487690837128641,0.004677517380357339,0.0020883407693290204
2024-06-20,-0.0012537481104165607,-0.00237939333529369,-0.00560658559536116
2024-06-21,-0.0036349365029411003,-0.0023537571324144303,-0.0018759481585606799
2024-06-24,0.00110887550506442,-0.00034147797452910024,-0.00658821637352081
2024-06-25,0.00122632530862056,0.00232311679386053,0.00742779140658535
2024-06-26,-0.007060629663399201,-0.00445958247371176,0.00010323119236189016
2024-06-27,0.00448683357478538,0.00327121739807174,0.00231851689658995
2024-06-28,-0.008997641681324883,-0.00793343394898645,-0.006030016796558211
2024-07-01,-0.005559355808530661,-0.0036822702668845996,0.0020299136565776294
2024-07-02,0.0057968272709229855,0.0063688406091227424,0.008720220240895051
2024-07-03,0.00929286001434074,0.007744819338646989,0.00726695915468872
2024-07-05,0.008315427559511502,0.00729214168969224,0.00834788570994849
2024-07-08,-0.0011544412565615801,0.00010043422093419991,0.00186672690934984
2024-07-09,-0.0010398834311162598,-0.0005729470320515998,0.0003792633889015301
2024-07-10,0.00594618789022148,0.00724520827128619,0.009485431210956
2024-07-11,0.003983620882687621,-0.0004857572944569795,-0.01344262549871429
2024-07-12,0.00410818917198178,0.00500478462244854,0.005888046839725751
2024-07-15,-0.0028533132715036803,-0.0014763882176252094,0.0012941250920278302
2024-07-16,0.012000159259998602,0.00978293114787453,0.00397440967066048
2024-07-17,-0.006452120181555841,-0.008813267794404788,-0.02026468474921652
2024-07-18,-0.007407830917503061,-0.0075422401363362,-0.006204546295903021
2024-07-19,-0.00859764997844226,-0.007543538108482659,-0.00767654842451823
2024-07-22,0.0030249704321576192,0.00534589718726281,0.011282258879209599
2024-07-23,-0.0004854176850971801,-0.00101048294730177,-0.0025300750143327803
2024-07-24,-0.014089262032028382,-0.01719048922776545,-0.02808101655278671
2024-07-25,-0.00193518032763728,-0.0022322760815146297,-0.00677846402413869
2024-07-26,0.009708065697715061,0.01011425897851976,0.010388166233329981
2024-07-29,0.0021049630370982807,0.00182531568023159,0.00177722011578545
2024-07-30,0.0015107732338962398,-0.0008861254435235798,-0.008507188107453649
2024-07-31,0.01421563803297028,0.014632542228455,0.02232153243145771
2024-08-01,-0.0029030836290632406,-0.00625342700434448,-0.01691262700994046
2024-08-02,0.00463640832420662,-0.0020129392514964296,-0.016198591663329893
2024-08-05,-0.0120715952539045,-0.01715625926613977,-0.02602852118937527
2024-08-06,-0.00685966733268944,-0.0019788505793971794,0.00622855900468684
2024-08-07,-0.00562549020694236,-0.006190295841663519,-0.00879249929233974
2024-08-08,0.00992386577893428,0.013593706154779818,0.02392727777513043
2024-08-09,0.00619950140728694,0.00584973529933664,0.00536113789544352
2024-08-12,0.00509344879090008,0.00312043965800906,0.0016505092448091201
2024-08-13,0.00904586471115792,0.011794700460580239,0.01967814351010463
2024-08-14,0.0021390222794129806,0.0029585229445757903,0.0020511730121086
2024-08-15,0.00425570007386868,0.0081769162084353,0.018680644066614557
2024-08-16,0.00677501722292418,0.0046344401191501,0.0018898532937274102
2024-08-19,0.00534427191339972,0.00695856823755404,0.01085436635872298
2024-08-20,0.0032706662146350404,0.0017816486146246004,-0.0009029532531896699
2024-08-21,0.0013512221652798803,0.0021110353823776,0.0037674771946192105
2024-08-22,-0.009504759371909161,-0.00888430638989336,-0.01205943367515973
2024-08-23,0.00917970624895398,0.009494690130583138,0.01032760996393715
2024-08-26,-0.0013320385324948599,-0.0018736715016787996,-0.00606175202432852
2024-08-27,0.00039768749615348015,0.00057488671262002,0.00186968973523078
2024-08-28,-0.00421748771656276,-0.00455336160116411,-0.008118363213064679
2024-08-29,-0.0002365567005481763,-0.00040945783695306404,-0.001023078384532276
2024-08-30,-0.0018723498629602594,0.0018158262218896505,0.00871169694156308
2024-09-03,-0.0025541169485457397,-0.0078731176174608,-0.02177656677428163
2024-09-04,0.004458870783440681,0.0026997413906271997,-0.0008289130273248899
2024-09-05,0.0029560149820703997,0.00107070769323175,5.9572832433799875e-05
2024-09-06,-0.008252827884694941,-0.010868551157523469,-0.02013580805138295
2024-09-09,0.00704729236858378,0.008434086601398648,0.01134026628133031
2024-09-10,0.00542344425264626,0.00515411861599419,0.00706322249234516
2024-09-11,0.0034675823786440197,0.00575786910458963,0.01488182599526122
2024-09-12,0.005014150112619359,0.005409185153495359,0.007810156893358279
2024-09-13,0.00515636349900836,0.00493692357650168,0.004598708618651651
2024-09-16,0.004239053517057494,0.0036265890076487965,-0.0007018949345628501
2024-09-17,-0.00287705347158492,-0.00175865777886497,-5.602636769646007e-05
2024-09-18,-0.0076867567209862,-0.006269291768115829,-0.00459064986505928
2024-09-19,0.00860848879799782,0.010798608996188279,0.019136423784445473
2024-09-20,0.0003192233486528401,-0.0009146963588892801,-0.0020258941174167502
2024-09-23,0.0005381280151331603,0.0010562799524347,0.00211250378037042
2024-09-24,0.0038572068878876204,0.00305279914481234,0.00353599710865958
2024-09-25,-0.004483418483056781,-0.0039551476820374,-0.0012498767436924102
2024-09-26,0.003543819379632,0.0035929931770812395,0.00557761172597619
2024-09-27,-8.707156485037977e-05,-0.00010366441938406995,-0.00283861646539728
2024-09-30,-0.0019042133047034399,0.0001740007685809697,0.00248203951709324
2024-10-01,0.0014028646815173805,-0.0021599627574842998,-0.00982761797131619
2024-10-02,-0.0031613146973002598,-0.0022545432663518598,3.257915591526998e-05
2024-10-03,-0.00463807778699764,-0.0039924442912687395,-0.00204687357920732
2024-10-04,-0.0016844515306416806,0.0015626905670534392,0.00835392542872603
2024-10-07,-0.00730791510964262,-0.00802369345214421,-0.009725540792861751
2024-10-08,0.0029836157360450203,0.00544360671607905,0.01141909398097749
2024-10-09,-0.0005925279701247,0.0019058582060615696,0.00613634801739812
2024-10-10,-0.0007985897791862599,-0.00149113034873479,-0.0016596717054964602
2024-10-11,0.0029623504452180203,0.0034725951584669307,0.00277301606486752
2024-10-14,0.0032443925381790803,0.004968273614578859,0.00754182073867827
2024-10-15,0.0024486949666479405,-0.0006678733786375597,-0.008575586012000579
2024-10-16,0.0044246637552338005,0.00437240630041749,0.00222114868232464
2024-10-17,-0.005105235783610077,-0.004102605242064215,-0.0012036912320439765
2024-10-18,0.00396082096037164,0.0035936709808531402,0.00489062594579852
2024-10-21,-0.00768519410047196,-0.00624662951787587,-0.00144340211975474
2024-10-22,0.0023354593927826604,0.00105290646313287,0.0004301476658860401
2024-10-23,-0.00714832160405084,-0.007499955179952019,-0.0115877183730711
2024-10-24,0.0049670925777055,0.00398949724516916,0.005560368608753259
2024-10-25,-0.00197156193099214,-0.00168514184250605,0.0023474548329385702
2024-10-28,0.00015923345638199304,0.0010448814465720067,0.00104599326852226
2024-10-29,0.0034357197757950604,0.00251756079853361,0.0056038748695161796
2024-10-30,0.0010646225134924602,-0.0003843904311209399,-0.004695468729090919
2024-10-31,-0.01029025206359666,-0.012823824359511599,-0.02030005291323242
2024-11-01,-0.0047716497053251605,-0.0021075078450384305,0.00397777610007895
2024-11-04,0.0056324378017024,0.0035068648497318796,-0.00076593084074457
2024-11-05,0.0074122711032678,0.009073992208035949,0.0117462746956913
2024-11-06,-0.00708655975751862,0.0036640629777504492,0.020788960064060315
2024-11-07,0.011319251312994341,0.010005263746706261,0.012217725613952091
2024-11-08,0.005459297813229179,0.005732521041498379,0.00358713980077289
2024-11-11,-0.0062593652101816805,-0.00323511162850406,-0.00039714701749302
2024-11-12,-0.00896617506056448,-0.0072249955578326305,-0.00364696849136659
2024-11-13,-0.0056163146458430005,-0.00356238149616242,-0.00139750687769277
2024-11-14,-0.00077764094942958,-0.0023818666506086007,-0.00546795336451841
2024-11-15,-0.006540740252696381,-0.00865948097777769,-0.017302104289627498
2024-11-18,0.00615349457163542,0.004893299488905829,0.0052904595730826195
2024-11-19,0.0052930519552193,0.00461846497123731,0.00541177669172126
2024-11-20,-1.689445332652014e-05,-0.00019262481435759998,-0.00047220563963259
2024-11-21,0.00350522547453582,0.00382235479925957,0.0038683692569851102
2024-11-22,0.00403978905926264,0.00331511265892582,0.0020972445632369
2024-11-25,0.00582016758715982,0.0068556372786798695,0.0047363410068217105
2024-11-26,0.0009233947388274998,0.0021621076690015602,0.00438503068421116
2024-11-27,0.0020040055845547597,0.0004828730419022796,-0.00445586839790855
2024-11-29,0.00833824909104488,0.00768604321585303,0.00791040118778409
2024-12-02,-7.281642640659999e-05,0.0009208681431979801,0.00640120250045878
2024-12-03,-0.00286348759960138,-0.00210913279499647,0.0008558446325332699
2024-12-04,0.00738875213639948,0.007252702354780879,0.009739716413015041
2024-12-05,-0.0013297304027148002,-0.00112107277143395,-0.0018417944300238504
2024-12-06,0.00142647162009748,0.00162003365457227,0.00538157180426023
2024-12-09,-0.0037626912107836404,-0.00486290791757667,-0.006875251364536651
2024-12-10,-0.0004927000244053402,-0.00196046886034748,-0.00341789440109371
2024-12-11,0.00121723970215132,0.00275546126174467,0.011098083766944409
2024-12-12,-0.00985272174430426,-0.008202147068789639,-0.00650276574703256
2024-12-13,-0.006582042496153701,-0.004391538401649409,0.00272669756876059
2024-12-16,0.003389064885841,0.0037020551012527,0.009207827275888552
2024-12-17,-0.0014425761211979997,-0.00212602896769669,-0.00360664273320964
2024-12-18,-0.02076011577417294,-0.023551871284795488,-0.031210246451371968
2024-12-19,-0.0058952116368583005,-0.00458460938910319,-0.0038636867780184403
2024-12-20,0.009168935113639542,0.00995827074011992,0.009739945097615652
2024-12-23,-0.00221531734688894,0.00037047760587633985,0.00634962536533046
2024-12-24,0.0065358720887773,0.00813683266436947,0.01164883489405387
2024-12-26,0.001149274617823162,0.000544374506544663,-0.00036993115842191805
2024-12-27,-0.00886424408039654,-0.00946263280151576,-0.01167709424835529
2024-12-30,-0.001987801620748819,-0.00475484271040236,-0.01041087669916665
2024-12-31,-0.0023498067783316603,-0.0031654459123063297,-0.0062379618545512
2025-01-02,0.0028340897089191,0.0007090761539980001,-0.0016860065987534996
2025-01-03,0.0021496451897423208,0.005756456860819,0.012864253533245591
2025-01-06,0.0002705586960049002,0.00199267679142979,0.0076038567371025404
2025-01-07,-0.00790590459151886,-0.009602313833223559,-0.014571436361435128
2025-01-08,0.00215971622393796,0.0017922749087652097,0.00079975515742143
2025-01-10,-0.00684550098972548,-0.010192238530974609,-0.01461007082820302
2025-01-13,-0.0015105818090083,-0.00017026232129413,-0.00102186017681873
2025-01-14,0.0009447818724491999,0.00085896443871337,-8.816559169333001e-05
2025-01-15,0.01566791412759758,0.016833430003026062,0.02050265077610682
2025-01-16,0.0019038383933292402,0.00050539993231779,-0.00394956113460018
2025-01-17,0.00364384959916602,0.006010221067858439,0.012627560203270131
2025-01-21,0.01033687550867158,0.00972443981386388,0.00748852348346359
2025-01-22,0.0011842053750715802,0.00231786377895991,0.00811865867383512
2025-01-23,-0.0012080355057849602,0.0008021342623966604,0.00246921284379404
2025-01-24,0.00187245920875098,0.0002175686414037899,-0.00354430075366895
2025-01-27,-0.0030153101379189,-0.00598484964006495,-0.01903445132641725
2025-01-28,0.00489640755829252,0.00581727285963243,0.01075891142541402
2025-01-29,-0.00337779763594528,-0.00368627922755715,-0.00293638035255041
2025-01-30,0.006675728506327721,0.00585967623019913,0.00465304376690987
2025-01-31,-0.004359606133612801,-0.0049650978801890795,-0.00351181319271063
2025-02-03,0.0016323732633002606,-0.001061480381995689,-0.00587921493656472
2025-02-04,0.0058780153286229,0.00592860157839975,0.0091272146195607
2025-02-05,0.00946777345197876,0.00800671083550118,0.005541736775982801
2025-02-06,0.0006822443577958801,0.0016868540165748797,0.00395569731318789
2025-02-07,-0.00588667271714372,-0.00725026671653048,-0.010613672635714371
2025-02-10,0.0048944267373804,0.004861306589322251,0.0084666262725047
2025-02-11,-0.0029879857928920804,-0.0018302468993170098,-0.00152654319492887
2025-02-12,-0.006507107190379941,-0.00589916433107307,-0.0023520740856691003
2025-02-13,0.012844688567217882,0.01230768702164247,0.01307827061275163
2025-02-14,-0.0008741136235571982,7.318927076599316e-05,0.002609542240038592
2025-02-18,-0.00022464973925724,-0.00011576327841900992,0.0011300876599668603
2025-02-19,0.0015522293655110802,0.00184297331315363,0.0012058277169015401
2025-02-20,-6.435986337164008e-05,-0.0013222152392869397,-0.0034123435866833703
2025-02-21,-0.0021921330503132195,-0.006729204453982059,-0.01601041003699155
2025-02-24,0.00042637784052159994,-0.0013168169445916997,-0.007432105764579
2025-02-25,0.002271824522534419,0.0008712991892721191,-0.00656428495502879
2025-02-26,0.00286997993655196,0.00222767023431216,0.00200053219901548
2025-02-27,-0.012260108570298401,-0.013221687168656111,-0.02097727039605286
2025-02-28,0.009895407853008121,0.01241652539420992,0.01536458139653446
2025-03-03,-0.0025051527487006207,-0.007793908173469571,-0.01748259788942551
2025-03-04,-0.00792127097381304,-0.00992692732770545,-0.007475201300293281
2025-03-05,0.0015216722551816405,0.0042615408668974005,0.010018715296946881
2025-03-06,-0.00943969014210798,-0.01215102287757546,-0.02118585358358632
2025-03-07,0.0010631443248707002,0.0024526936870643405,0.005597930839199991
2025-03-10,-0.008232710656647161,-0.013727390491039961,-0.028989262944977928
2025-03-11,-0.003835254700801061,-0.00595668543056706,-0.00523423657520028
2025-03-12,0.0006026254403526397,0.0018266429801512198,0.007165686023172849
2025-03-13,0.0017356231192754796,-0.003585253665904309,-0.01344829086332755
2025-03-14,0.0062242344053435586,0.010844925284813239,0.01981802456090546
2025-03-17,0.006163494028319181,0.0066653118204495,0.00682543190380816
2025-03-18,-0.0015917272328376405,-0.00501990710339893,-0.01274771588980196
2025-03-19,0.0072503672209632206,0.008499643814245849,0.011565144862307041
2025-03-20,-0.0011495331217714403,-0.0016655974127951698,-0.0027856326520346
2025-03-21,-0.0038454515337309004,-0.00238265894841448,0.00118847849335742
2025-03-24,0.00217149557484846,0.0072237954398919405,0.01711016731360511
2025-03-25,0.0017970305015669,0.0018489010816215901,0.00380367940342579
2025-03-26,-0.007569756724017921,-0.00921751924112601,-0.014632945890750301
2025-03-27,0.00045254149808644003,-0.00112756871512628,-0.0042028668698572995
2025-03-28,-0.0010391679429530398,-0.007191478554506769,-0.019835805306969302
2025-03-31,0.009507145651384701,0.00842600485976688,0.0036511560205474474
2025-04-01,0.00420030999521346,0.00409647693100723,0.0060268250480795
2025-04-02,0.0026793479646236,0.00380545069148963,0.00611500857186453
2025-04-03,-0.01908250592536022,-0.02879417459588142,-0.04601971931620876
2025-04-04,-0.02374064828989818,-0.034198788142652134,-0.05338287845856184
2025-04-07,-0.01707212243630454,-0.012264139706333398,-0.0025214576967822803
2025-04-08,-0.012727694300927923,-0.01451680511722271,-0.017157206729694802
2025-04-09,0.0517602745681006,0.06847647744583257,0.10261174942590498
2025-04-10,-0.023670183863046822,-0.03211953564141403,-0.04155054668327932
2025-04-11,0.01312989476020732,0.01424595595823563,0.01689253056109797
2025-04-14,0.005593571417879039,0.007390894396082639,0.00798322650109357
2025-04-15,0.00134295888283018,-9.467188046416008e-05,-0.00020878084894580004
2025-04-16,-0.00015113232522006095,-0.00840877873646096,-0.02340996609621868
2025-04-17,-0.0038404198503596398,-0.0022327651495281,-0.00040261058939142994
2025-04-21,-0.010325838488406118,-0.01643198790503651,-0.023642437029226353
2025-04-22,0.00980053285137564,0.01586552952547587,0.024091315761920102
2025-04-23,0.0052876660284221395,0.00981332515045078,0.018508567257193714
2025-04-24,0.0155452109586981,0.01724576825307367,0.023541712383270772
2025-04-25,0.0036684019693518405,0.0054610128192239486,0.00920074708321578
2025-04-28,0.00552086358230402,0.00354292433078205,0.00062381998158289
2025-04-29,0.00392575660558098,0.005321046670342829,0.00666038507539379
2025-04-30,-0.00457496862690018,-0.0029380663914766996,-0.00071365469035536
2025-05-01,-0.0033477380860910196,0.0006539384389259808,0.008858163730941289
2025-05-02,0.00195750973825336,0.00583392951957914,0.01227709433836381
2025-05-05,0.0014455892269241,-0.0021295260198209696,-0.005818567435693119
2025-05-06,0.0035912681254638397,-0.0012151813959106698,-0.00766165693448894
2025-05-07,0.00037443233992874017,0.0022921354239514996,0.0040678540806865305
2025-05-08,-0.00561149168538738,-0.0011336096975042408,0.0068345921539323
2025-05-09,0.0015397149783732801,0.00040985183658599013,-0.00068765482963945
2025-05-12,0.0038588094008559616,0.01421783030394109,0.03265849201744686
2025-05-13,0.0018699006924416,0.00317063413581145,0.00985605909774425
2025-05-14,-0.00635085387169518,-0.0033278242105954196,0.00284414717547337
2025-05-15,0.00866258808539786,0.00716402892786159,0.0033822249141440596
2025-05-16,0.0011851694368223602,0.0033934426180996396,0.00497707232358726
2025-05-19,0.0018550477044539002,0.0010754293641880401,0.0006273069100895901
2025-05-20,-0.00050254102405628,-0.00231669525403599,-0.00373207768652605
2025-05-21,-0.012100636602629982,-0.014499644249731769,-0.01539765330838688
2025-05-22,0.0004815883276057804,0.0009226464841832899,0.0016174404957138501
2025-05-23,0.00231434955130396,-0.0014072441444097999,-0.00719474147812678
2025-05-27,0.010508923662669319,0.014966323060186209,0.02147449440738575
2025-05-28,-0.00449375686037296,-0.00499265227408002,-0.00496182404318784
2025-05-29,0.00646589949667794,0.00573742153192546,0.00348742431623779
2025-05-30,-0.00115909922418752,-0.00087602908041839,-0.00108507746083613
2025-06-02,0.0038466831646681997,0.0032458677032982403,0.00527162649983599
2025-06-03,-0.00019469997417350033,0.0020074882546548,0.00601336966448235
2025-06-04,0.0076744546653234,0.0053531885658249494,0.0029099040355733503
2025-06-05,-0.00266545700268912,-0.0031964256854973,-0.005627207713203939
2025-06-06,-0.0036651687983775805,0.0010026363781862801,0.00772287715921422
2025-06-09,0.0017260073641014802,0.0013289474118063,0.00120190397307201
2025-06-10,0.00438653030304286,0.00497616865844783,0.00608985702921255
2025-06-11,0.0011526333059128202,-0.00026179355456419987,-0.00252284557528616
2025-06-12,0.00885669998788784,0.0072137977159080395,0.00395935669411362
2025-06-13,-0.005706534675137201,-0.00828894750129492,-0.011713022698053119
2025-06-16,-0.00307719334366082,0.0012593631702740092,0.00975288727046842
2025-06-17,0.0015523778900047398,-0.00142492770802613,-0.0070767922964037
2025-06-18,-0.000443676014,-0.00010865848451747999,2.817530012262e-05
2025-06-20,-0.0017618462006869602,-0.0020050069759704396,-0.00316569277021701
2025-06-23,0.005858426963099561,0.00720387616857593,0.00941586885808185
2025-06-24,0.0041794236466008005,0.007234754521172101,0.0127910233482567
2025-06-25,0.00133512424913924,0.0010175932053681,0.00162829856791348
2025-06-26,0.00491917304575936,0.0060918443314826,0.00830741893693812
2025-06-27,-0.00418421332101058,-0.0007414465959301401,0.0030624680025539003
2025-06-30,0.008245720583345181,0.0070194167273271305,0.00613505226165164
2025-07-01,0.00264683609664576,0.0014418323352065098,-0.00409626696770162
2025-07-02,0.00037747784762452003,0.0013667383489540004,0.004660648518995941
2025-07-03,-0.00099809643877402,0.00195699331416243,0.007376177838294141
2025-07-07,-0.0066483608949664,-0.007259301274988628,-0.0077016207655389805
2025-07-08,-0.00281857895880056,-0.0017560543865092,-6.596614322342e-05
2025-07-09,0.0074773976828155595,0.00718342108542247,0.00698424290336759
2025-07-10,0.00184943010530916,0.00212189033470416,0.0004780397838014801
2025-07-11,-0.00500377524794664,-0.005287562323523719,-0.003910842293266201
2025-07-14,-0.0008070706393293601,0.00014994786969478997,0.00236685280225792
2025-07-15,-0.005343807625448541,-0.00508206374963161,-0.00195168838491284
2025-07-16,0.0028995485315729402,0.00292826846493251,0.00199041472070349
2025-07-17,0.0019191949883843003,0.0033839344346385395,0.00647072252404909
2025-07-18,0.0008382505681264402,0.00027897080630633997,-0.00062075507949828
2025-07-21,0.0073988588530989,0.005349481341906459,0.00424243786545446
2025-07-22,0.0043729151840398404,0.00284837145988682,-0.0019260144382626998
2025-07-23,-0.00129648894577764,0.00219990581255109,0.00512882861336276
2025-07-24,-0.0017885577262731402,-0.0009361955408258801,0.00102229533061644
2025-07-25,0.002354580668072221,0.0034957658841312804,0.00352197018373027
2025-07-28,-0.003986819841025941,-0.00274175466581633,0.0008142011064296899
2025-07-29,0.00624934870925356,0.0037581935713394093,-0.00014094790467797011
2025-07-30,-0.00601976173378152,-0.00402895732233427,-0.00034908994815231016
2025-07-31,5.8844212253740145e-05,-0.0014134861654219498,-0.004092491496642271
2025-08-01,0.00319037766466866,-0.003539326535834949,-0.01498395886790883
2025-08-04,0.00833765112365124,0.010522006127875379,0.015578956378606859
2025-08-05,-0.00064067841692804,-0.00204172060804169,-0.0051160641504709205
2025-08-06,0.00033013055524082016,0.00265158110719824,0.008778094168329179
2025-08-07,0.000669225460475,-0.00017130046618632,0.00118628042204898
2025-08-08,0.0013406452569931203,0.0033559881769401902,0.00734972264299693
2025-08-11,-0.00320768240211744,-0.0022803061488092698,-0.0021559211611303997
2025-08-12,0.0020629517410917595,0.004786410784765469,0.01003933652623814
2025-08-13,0.0052912939127683,0.00484294599965298,0.00244729938689368
2025-08-14,-0.004196134568530087,-0.0028022615184556017,-0.0010918207887653576
2025-08-15,-0.00366922695269554,-0.0034835705079275295,-0.00384770525745746
2025-08-18,-0.00155671502084102,-0.00115475788293998,-0.00057562916429322
2025-08-19,-0.00094318727457978,-0.00206128541470266,-0.008373450289190969
2025-08-20,0.00183867644699078,7.577432953521999e-05,-0.00381219973275057
2025-08-21,-0.004279403756977379,-0.00423960100369793,-0.00441477766019459
2025-08-22,0.011246701166167161,0.01250675443971597,0.014597067656672139
2025-08-25,-0.00339222289683746,-0.00374376002932452,-0.00349003066011259
2025-08-26,0.00289677347937092,0.00306556849555372,0.00362479842953356
2025-08-27,0.0008541644524853,0.0012232801781405299,0.00156467289276003
2025-08-28,0.005531595371717841,0.00484014186630189,0.005204268774797519
2025-08-29,-0.003298816437602941,-0.0047457277645335,-0.00888399718421883
2025-09-02,-0.0012123025618412196,-0.00431443069148568,-0.00789842071372897
2025-09-03,0.0081251979687748,0.007328162715663011,0.0071993362635895605
2025-09-04,0.00550871911412414,0.00685970873101516,0.008631043401515742
2025-09-05,0.0076094282172434816,0.0041708873827515595,0.0010876484568548201
2025-09-08,0.008590064453033161,0.00661011836725524,0.00475415519354086
2025-09-09,-0.0018024498563359401,-0.0005447481332412403,0.0017729782207514303
2025-09-10,0.004160979160449681,0.00380833720935826,0.0018914947649176202
2025-09-11,0.00570016681017908,0.00684280985555187,0.00690298147692553
2025-09-12,-0.00146618123572496,-0.00129857552774491,0.00164311095277507
2025-09-15,0.00514428382594612,0.00493510343617427,0.00664144795073876
2025-09-16,0.0006934500697159402,6.701528639140047e-06,-0.00076256295118038
2025-09-17,-0.00305813863284454,-0.00228052644346586,-0.0017493857469558398
2025-09-18,-0.0030601717250352796,-0.0006930916766649098,0.005345411242080431
2025-09-19,0.0033401425840148408,0.0034606061106685704,0.005175215437910901
2025-09-22,0.0039158109636736604,0.0034908514820244,0.004492982968544871
2025-09-23,0.0014357726401638404,-0.0007605581536871797,-0.0047995753540048
2025-09-24,-0.00460777705804646,-0.003957151827323,-0.00340857089954662
2025-09-25,-0.00101234925039136,-0.00235156165100036,-0.00400103295501328
2025-09-26,0.00308641294732686,0.0037448783572565703,0.00425714610411424
2025-09-29,0.00770804304336908,0.00579936857516172,0.00426088613749498
2025-09-30,0.0020543991015250203,0.00224382173067616,0.0025861893256900505
2025-10-01,0.00271110746280322,0.0029768337488302603,0.004019791220191101
2025-10-02,0.0009289733950270401,0.0012164187428423301,0.00280749296593976
2025-10-03,0.0008413585523438263,0.00022495798543256966,-0.0023006119670854436
2025-10-06,0.0020261380612342605,0.00165317051805141,0.00439517878112188
2025-10-07,0.0018495628332877397,1.6972334800910058e-05,-0.00354059393387231
2025-10-08,0.00599736145856908,0.00546236207451247,0.00819555044011378
2025-10-09,-0.00516309821761286,-0.00381877367638636,-0.0018423516773345301
2025-10-10,-0.002332765424197841,-0.01036281772239917,-0.026553531711430753
2025-10-13,0.010777200051268282,0.011471083281970851,0.01669312306518236
2025-10-14,0.00222035032045538,0.0009417093929178,-0.0034989380624713398
2025-10-15,0.0043618601695684205,0.00373663392155905,0.00508408820571659
2025-10-16,0.00495344550763724,0.0005026521590585902,-0.00382553572045653
2025-10-17,-0.00210597667445148,0.0010642599344151894,0.00540063500250718
2025-10-20,0.01297574765124472,0.01103186209785789,0.01084436343029263
2025-10-21,-0.010893643267211012,-0.004961270683710158,0.0003547787155602978
2025-10-22,-0.0017975212068306802,-0.00291314602494635,-0.00683137913771156
2025-10-23,0.00043513672954209994,0.0019052512501435402,0.00589093808627604
2025-10-24,0.002773534535188001,0.0046995589452851995,0.00865193144382325
2025-10-27,0.00050674312962108,0.005311333219990409,0.013962572342142071
2025-10-28,0.00067521900044904,0.0016615205754786798,0.00516881727797606
2025-10-29,-0.004607992253635141,-0.0031225464493482,0.0014329452948320701
2025-10-30,-0.0027981932703784193,-0.00638014201045277,-0.012625324255946858
2025-10-31,-0.0009666060993275801,0.0005306394988483199,0.00342586097450426
2025-11-03,0.00010887266814900009,0.00055500416491061,0.0028930197247181103
2025-11-04,-0.007353397831381181,-0.00819527980793405,-0.014667579143798012
2025-11-05,-0.0006594649969897596,-3.317422582243992e-05,0.00355048344015899
2025-11-06,-0.0009346679575904196,-0.0038597569028472898,-0.012706055671304879
2025-11-07,0.0007708872362033999,0.0005675563072802999,-0.0013955334283628001
2025-11-10,0.011620634024531581,0.01202970317662265,0.017281438645147012
2025-11-11,0.00353477758626576,0.0031409998257337394,4.186189328880981e-05
2025-11-12,0.0041560195598601395,0.00247836662906066,6.240118042589993e-06
2025-11-13,-0.01153868681151348,-0.01322803209120017,-0.01766671054851083
2025-11-14,-0.005957415401097741,-0.0036148133042417704,-0.0002581761977041501
2025-11-17,-0.005029249536967361,-0.0059936424425231696,-0.007749256814675391
2025-11-18,-0.00204070821790668,-0.00441304380337363,-0.00948054716273129
2025-11-19,0.0010627415880282,0.0018745365859518996,0.00432815118290135
2025-11-20,-0.00458036868142164,-0.007993278427781761,-0.01753893784504894
2025-11-21,0.004885290021473081,0.0067296755241371894,0.00804339968949085
2025-11-24,0.011335675641875521,0.012125126839347508,0.01924391956023455
2025-11-25,0.0047212815437186395,0.006378524116022929,0.007099717608998009
2025-11-26,0.006134142379666261,0.00627173702524469,0.007622534821412911
2025-11-28,0.0027706160296166204,0.00309427572357978,0.005762591058471619
2025-12-01,-0.00584144682140768,-0.00599177950815396,-0.00475057154863617
2025-12-02,-0.00036688911011687993,0.0006024916248643901,0.00469897283969708
2025-12-03,0.0023251474815069,0.0028291934296007498,0.0028885316920768
2025-12-04,-0.00173407808555354,-0.0011135263874932201,-0.00071158200975445
2025-12-05,-0.00144813946416522,-0.00042716850731943994,0.00233557621140162
2025-12-08,-0.0030452621252867605,-0.0030532368322760796,-0.0024898570081533502
2025-12-09,0.0010918640366486799,0.00030312950477515,0.00037387033014915996
2025-12-10,0.005050625559391721,0.0055646281086956205,0.00508718142420511
2025-12-11,0.0025412600231727,0.00206556421358043,-0.00082228900555422
2025-12-12,-0.007037208328342641,-0.00878323108173273,-0.014823780718000711
2025-12-15,-0.00014740443765274002,-0.0006093129155796001,-0.00304530400593153
2025-12-16,0.0011492945918625,3.0885581802930065e-05,0.00044713977144122995
2025-12-17,-0.0030478997995623397,-0.0060164144684055005,-0.01376098824784758
2025-12-18,0.004573343287687301,0.00578554646368135,0.01074397407437645
2025-12-19,0.00235818068820822,0.00443123786606036,0.0097698782880229
2025-12-22,0.006240174235003981,0.00539499155642961,0.004671619444277571
2025-12-23,0.005119691470797921,0.00454829921441924,0.00433011365932628
2025-12-24,0.00300310978034558,0.00351433878237196,0.00347556568630157
2025-12-26,0.0009770368081263802,0.00011851793272130021,-0.000402015334867388
2025-12-29,-0.008626683253586342,-0.0053626933947825,-0.00346969314771728
2025-12-30,-0.00129674160119784,-0.00137529867683978,-0.00188662138764281
2025-12-31,-0.007444030259367461,-0.00748227902701573,-0.0078930728039085
